<annotation>
	<folder>brownBack</folder>
	<filename>brown0075.jpg</filename>
	<path>/media/datta/Sri Datta1/perception_22/brownBack/brown0075.jpg</path>
	<source>
		<database>Unknown</database>
	</source>
	<size>
		<width>640</width>
		<height>480</height>
		<depth>3</depth>
	</size>
	<segmented>0</segmented>
	<object>
		<name>follow_right</name>
		<pose>Unspecified</pose>
		<truncated>0</truncated>
		<difficult>0</difficult>
		<bndbox>
			<xmin>28</xmin>
			<ymin>188</ymin>
			<xmax>245</xmax>
			<ymax>354</ymax>
		</bndbox>
	</object>
	<object>
		<name>junction</name>
		<pose>Unspecified</pose>
		<truncated>0</truncated>
		<difficult>0</difficult>
		<bndbox>
			<xmin>307</xmin>
			<ymin>209</ymin>
			<xmax>353</xmax>
			<ymax>274</ymax>
		</bndbox>
	</object>
	<object>
		<name>curve_left</name>
		<pose>Unspecified</pose>
		<truncated>0</truncated>
		<difficult>0</difficult>
		<bndbox>
			<xmin>353</xmin>
			<ymin>222</ymin>
			<xmax>385</xmax>
			<ymax>273</ymax>
		</bndbox>
	</object>
</annotation>
