<annotation>
	<folder>brownBack</folder>
	<filename>brown0062.jpg</filename>
	<path>/media/datta/Sri Datta1/perception_22/brownBack/brown0062.jpg</path>
	<source>
		<database>Unknown</database>
	</source>
	<size>
		<width>640</width>
		<height>480</height>
		<depth>3</depth>
	</size>
	<segmented>0</segmented>
	<object>
		<name>airport</name>
		<pose>Unspecified</pose>
		<truncated>0</truncated>
		<difficult>0</difficult>
		<bndbox>
			<xmin>106</xmin>
			<ymin>228</ymin>
			<xmax>142</xmax>
			<ymax>285</ymax>
		</bndbox>
	</object>
	<object>
		<name>follow_right</name>
		<pose>Unspecified</pose>
		<truncated>0</truncated>
		<difficult>0</difficult>
		<bndbox>
			<xmin>154</xmin>
			<ymin>228</ymin>
			<xmax>208</xmax>
			<ymax>327</ymax>
		</bndbox>
	</object>
	<object>
		<name>junction</name>
		<pose>Unspecified</pose>
		<truncated>0</truncated>
		<difficult>0</difficult>
		<bndbox>
			<xmin>261</xmin>
			<ymin>222</ymin>
			<xmax>370</xmax>
			<ymax>359</ymax>
		</bndbox>
	</object>
</annotation>
