<annotation>
	<folder>brownbackgroundallsigns</folder>
	<filename>brownAll0378.jpg</filename>
	<path>/media/datta/Sri Datta1/perception_22/brownbackgroundallsigns/brownAll0378.jpg</path>
	<source>
		<database>Unknown</database>
	</source>
	<size>
		<width>640</width>
		<height>480</height>
		<depth>3</depth>
	</size>
	<segmented>0</segmented>
	<object>
		<name>no_bicycle</name>
		<pose>Unspecified</pose>
		<truncated>0</truncated>
		<difficult>0</difficult>
		<bndbox>
			<xmin>292</xmin>
			<ymin>238</ymin>
			<xmax>370</xmax>
			<ymax>334</ymax>
		</bndbox>
	</object>
	<object>
		<name>no_heavy_truck</name>
		<pose>Unspecified</pose>
		<truncated>0</truncated>
		<difficult>0</difficult>
		<bndbox>
			<xmin>239</xmin>
			<ymin>245</ymin>
			<xmax>292</xmax>
			<ymax>320</ymax>
		</bndbox>
	</object>
	<object>
		<name>road_narrows_right</name>
		<pose>Unspecified</pose>
		<truncated>0</truncated>
		<difficult>0</difficult>
		<bndbox>
			<xmin>205</xmin>
			<ymin>248</ymin>
			<xmax>244</xmax>
			<ymax>309</ymax>
		</bndbox>
	</object>
	<object>
		<name>follow_left</name>
		<pose>Unspecified</pose>
		<truncated>0</truncated>
		<difficult>0</difficult>
		<bndbox>
			<xmin>175</xmin>
			<ymin>255</ymin>
			<xmax>207</xmax>
			<ymax>301</ymax>
		</bndbox>
	</object>
</annotation>
