<annotation>
	<folder>brownBack</folder>
	<filename>brown0064.jpg</filename>
	<path>/media/datta/Sri Datta1/perception_22/brownBack/brown0064.jpg</path>
	<source>
		<database>Unknown</database>
	</source>
	<size>
		<width>640</width>
		<height>480</height>
		<depth>3</depth>
	</size>
	<segmented>0</segmented>
	<object>
		<name>airport</name>
		<pose>Unspecified</pose>
		<truncated>0</truncated>
		<difficult>0</difficult>
		<bndbox>
			<xmin>143</xmin>
			<ymin>245</ymin>
			<xmax>228</xmax>
			<ymax>342</ymax>
		</bndbox>
	</object>
	<object>
		<name>follow_right</name>
		<pose>Unspecified</pose>
		<truncated>0</truncated>
		<difficult>0</difficult>
		<bndbox>
			<xmin>276</xmin>
			<ymin>264</ymin>
			<xmax>434</xmax>
			<ymax>422</ymax>
		</bndbox>
	</object>
</annotation>
