<annotation>
	<folder>brownBack</folder>
	<filename>brown0066.jpg</filename>
	<path>/media/datta/Sri Datta1/perception_22/brownBack/brown0066.jpg</path>
	<source>
		<database>Unknown</database>
	</source>
	<size>
		<width>640</width>
		<height>480</height>
		<depth>3</depth>
	</size>
	<segmented>0</segmented>
	<object>
		<name>airport</name>
		<pose>Unspecified</pose>
		<truncated>0</truncated>
		<difficult>0</difficult>
		<bndbox>
			<xmin>191</xmin>
			<ymin>236</ymin>
			<xmax>331</xmax>
			<ymax>355</ymax>
		</bndbox>
	</object>
</annotation>
