<annotation>
	<folder>brownBack</folder>
	<filename>brown0269.jpg</filename>
	<path>/media/datta/Sri Datta1/perception_22/brownBack/brown0269.jpg</path>
	<source>
		<database>Unknown</database>
	</source>
	<size>
		<width>640</width>
		<height>480</height>
		<depth>3</depth>
	</size>
	<segmented>0</segmented>
	<object>
		<name>road_narrows_left</name>
		<pose>Unspecified</pose>
		<truncated>0</truncated>
		<difficult>0</difficult>
		<bndbox>
			<xmin>300</xmin>
			<ymin>240</ymin>
			<xmax>344</xmax>
			<ymax>324</ymax>
		</bndbox>
	</object>
	<object>
		<name>roundabout_warning</name>
		<pose>Unspecified</pose>
		<truncated>0</truncated>
		<difficult>0</difficult>
		<bndbox>
			<xmin>353</xmin>
			<ymin>270</ymin>
			<xmax>485</xmax>
			<ymax>464</ymax>
		</bndbox>
	</object>
</annotation>
