<annotation>
	<folder>brownBack</folder>
	<filename>brown0472.jpg</filename>
	<path>/media/datta/Sri Datta1/perception_22/brownBack/brown0472.jpg</path>
	<source>
		<database>Unknown</database>
	</source>
	<size>
		<width>640</width>
		<height>480</height>
		<depth>3</depth>
	</size>
	<segmented>0</segmented>
	<object>
		<name>stop</name>
		<pose>Unspecified</pose>
		<truncated>0</truncated>
		<difficult>0</difficult>
		<bndbox>
			<xmin>65</xmin>
			<ymin>209</ymin>
			<xmax>164</xmax>
			<ymax>259</ymax>
		</bndbox>
	</object>
	<object>
		<name>no_stop_and_parking</name>
		<pose>Unspecified</pose>
		<truncated>0</truncated>
		<difficult>0</difficult>
		<bndbox>
			<xmin>170</xmin>
			<ymin>191</ymin>
			<xmax>273</xmax>
			<ymax>247</ymax>
		</bndbox>
	</object>
	<object>
		<name>residential</name>
		<pose>Unspecified</pose>
		<truncated>0</truncated>
		<difficult>0</difficult>
		<bndbox>
			<xmin>295</xmin>
			<ymin>172</ymin>
			<xmax>439</xmax>
			<ymax>237</ymax>
		</bndbox>
	</object>
</annotation>
