<annotation>
	<folder>brownBack</folder>
	<filename>brown0408.jpg</filename>
	<path>/media/datta/Sri Datta1/perception_22/brownBack/brown0408.jpg</path>
	<source>
		<database>Unknown</database>
	</source>
	<size>
		<width>640</width>
		<height>480</height>
		<depth>3</depth>
	</size>
	<segmented>0</segmented>
	<object>
		<name>road_narrows_right</name>
		<pose>Unspecified</pose>
		<truncated>0</truncated>
		<difficult>0</difficult>
		<bndbox>
			<xmin>30</xmin>
			<ymin>156</ymin>
			<xmax>246</xmax>
			<ymax>384</ymax>
		</bndbox>
	</object>
	<object>
		<name>no_heavy_truck</name>
		<pose>Unspecified</pose>
		<truncated>0</truncated>
		<difficult>0</difficult>
		<bndbox>
			<xmin>264</xmin>
			<ymin>203</ymin>
			<xmax>343</xmax>
			<ymax>306</ymax>
		</bndbox>
	</object>
</annotation>
