<annotation>
	<folder>brownBack</folder>
	<filename>brown0389.jpg</filename>
	<path>/media/datta/Sri Datta1/perception_22/brownBack/brown0389.jpg</path>
	<source>
		<database>Unknown</database>
	</source>
	<size>
		<width>640</width>
		<height>480</height>
		<depth>3</depth>
	</size>
	<segmented>0</segmented>
	<object>
		<name>curve_right</name>
		<pose>Unspecified</pose>
		<truncated>0</truncated>
		<difficult>0</difficult>
		<bndbox>
			<xmin>245</xmin>
			<ymin>211</ymin>
			<xmax>273</xmax>
			<ymax>267</ymax>
		</bndbox>
	</object>
	<object>
		<name>follow_left</name>
		<pose>Unspecified</pose>
		<truncated>0</truncated>
		<difficult>0</difficult>
		<bndbox>
			<xmin>273</xmin>
			<ymin>207</ymin>
			<xmax>320</xmax>
			<ymax>292</ymax>
		</bndbox>
	</object>
	<object>
		<name>road_narrows_right</name>
		<pose>Unspecified</pose>
		<truncated>0</truncated>
		<difficult>0</difficult>
		<bndbox>
			<xmin>313</xmin>
			<ymin>195</ymin>
			<xmax>454</xmax>
			<ymax>378</ymax>
		</bndbox>
	</object>
</annotation>
