<annotation>
	<folder>brownBack</folder>
	<filename>brown0390.jpg</filename>
	<path>/media/datta/Sri Datta1/perception_22/brownBack/brown0390.jpg</path>
	<source>
		<database>Unknown</database>
	</source>
	<size>
		<width>640</width>
		<height>480</height>
		<depth>3</depth>
	</size>
	<segmented>0</segmented>
	<object>
		<name>road_narrows_right</name>
		<pose>Unspecified</pose>
		<truncated>0</truncated>
		<difficult>0</difficult>
		<bndbox>
			<xmin>339</xmin>
			<ymin>199</ymin>
			<xmax>539</xmax>
			<ymax>428</ymax>
		</bndbox>
	</object>
	<object>
		<name>curve_left</name>
		<pose>Unspecified</pose>
		<truncated>0</truncated>
		<difficult>0</difficult>
		<bndbox>
			<xmin>290</xmin>
			<ymin>212</ymin>
			<xmax>345</xmax>
			<ymax>306</ymax>
		</bndbox>
	</object>
	<object>
		<name>curve_right</name>
		<pose>Unspecified</pose>
		<truncated>0</truncated>
		<difficult>0</difficult>
		<bndbox>
			<xmin>256</xmin>
			<ymin>217</ymin>
			<xmax>286</xmax>
			<ymax>274</ymax>
		</bndbox>
	</object>
</annotation>
