<annotation>
	<folder>brownBack</folder>
	<filename>brown0077.jpg</filename>
	<path>/media/datta/Sri Datta1/perception_22/brownBack/brown0077.jpg</path>
	<source>
		<database>Unknown</database>
	</source>
	<size>
		<width>640</width>
		<height>480</height>
		<depth>3</depth>
	</size>
	<segmented>0</segmented>
	<object>
		<name>junction</name>
		<pose>Unspecified</pose>
		<truncated>0</truncated>
		<difficult>0</difficult>
		<bndbox>
			<xmin>76</xmin>
			<ymin>197</ymin>
			<xmax>250</xmax>
			<ymax>324</ymax>
		</bndbox>
	</object>
	<object>
		<name>curve_left</name>
		<pose>Unspecified</pose>
		<truncated>0</truncated>
		<difficult>0</difficult>
		<bndbox>
			<xmin>275</xmin>
			<ymin>227</ymin>
			<xmax>346</xmax>
			<ymax>306</ymax>
		</bndbox>
	</object>
</annotation>
