<annotation>
	<folder>brownBack</folder>
	<filename>brown0405.jpg</filename>
	<path>/media/datta/Sri Datta1/perception_22/brownBack/brown0405.jpg</path>
	<source>
		<database>Unknown</database>
	</source>
	<size>
		<width>640</width>
		<height>480</height>
		<depth>3</depth>
	</size>
	<segmented>0</segmented>
	<object>
		<name>follow_left</name>
		<pose>Unspecified</pose>
		<truncated>0</truncated>
		<difficult>0</difficult>
		<bndbox>
			<xmin>153</xmin>
			<ymin>156</ymin>
			<xmax>285</xmax>
			<ymax>293</ymax>
		</bndbox>
	</object>
	<object>
		<name>road_narrows_right</name>
		<pose>Unspecified</pose>
		<truncated>0</truncated>
		<difficult>0</difficult>
		<bndbox>
			<xmin>290</xmin>
			<ymin>153</ymin>
			<xmax>337</xmax>
			<ymax>244</ymax>
		</bndbox>
	</object>
</annotation>
