<annotation>
	<folder>brownBack</folder>
	<filename>brown0404.jpg</filename>
	<path>/media/datta/Sri Datta1/perception_22/brownBack/brown0404.jpg</path>
	<source>
		<database>Unknown</database>
	</source>
	<size>
		<width>640</width>
		<height>480</height>
		<depth>3</depth>
	</size>
	<segmented>0</segmented>
	<object>
		<name>curve_right</name>
		<pose>Unspecified</pose>
		<truncated>0</truncated>
		<difficult>0</difficult>
		<bndbox>
			<xmin>45</xmin>
			<ymin>166</ymin>
			<xmax>223</xmax>
			<ymax>356</ymax>
		</bndbox>
	</object>
	<object>
		<name>follow_left</name>
		<pose>Unspecified</pose>
		<truncated>0</truncated>
		<difficult>0</difficult>
		<bndbox>
			<xmin>238</xmin>
			<ymin>159</ymin>
			<xmax>310</xmax>
			<ymax>253</ymax>
		</bndbox>
	</object>
</annotation>
