<annotation>
	<folder>brownBack</folder>
	<filename>brown0224.jpg</filename>
	<path>/media/datta/Sri Datta1/perception_22/brownBack/brown0224.jpg</path>
	<source>
		<database>Unknown</database>
	</source>
	<size>
		<width>640</width>
		<height>480</height>
		<depth>3</depth>
	</size>
	<segmented>0</segmented>
	<object>
		<name>road_narrows_left</name>
		<pose>Unspecified</pose>
		<truncated>0</truncated>
		<difficult>0</difficult>
		<bndbox>
			<xmin>154</xmin>
			<ymin>250</ymin>
			<xmax>203</xmax>
			<ymax>320</ymax>
		</bndbox>
	</object>
	<object>
		<name>roundabout_warning</name>
		<pose>Unspecified</pose>
		<truncated>0</truncated>
		<difficult>0</difficult>
		<bndbox>
			<xmin>206</xmin>
			<ymin>251</ymin>
			<xmax>296</xmax>
			<ymax>367</ymax>
		</bndbox>
	</object>
</annotation>
