<annotation>
	<folder>brownBack</folder>
	<filename>brown0225.jpg</filename>
	<path>/media/datta/Sri Datta1/perception_22/brownBack/brown0225.jpg</path>
	<source>
		<database>Unknown</database>
	</source>
	<size>
		<width>640</width>
		<height>480</height>
		<depth>3</depth>
	</size>
	<segmented>0</segmented>
	<object>
		<name>road_narrows_left</name>
		<pose>Unspecified</pose>
		<truncated>0</truncated>
		<difficult>0</difficult>
		<bndbox>
			<xmin>167</xmin>
			<ymin>228</ymin>
			<xmax>214</xmax>
			<ymax>300</ymax>
		</bndbox>
	</object>
	<object>
		<name>roundabout_warning</name>
		<pose>Unspecified</pose>
		<truncated>0</truncated>
		<difficult>0</difficult>
		<bndbox>
			<xmin>220</xmin>
			<ymin>229</ymin>
			<xmax>314</xmax>
			<ymax>356</ymax>
		</bndbox>
	</object>
</annotation>
