<annotation>
	<folder>brownBack</folder>
	<filename>brown0453.jpg</filename>
	<path>/media/datta/Sri Datta1/perception_22/brownBack/brown0453.jpg</path>
	<source>
		<database>Unknown</database>
	</source>
	<size>
		<width>640</width>
		<height>480</height>
		<depth>3</depth>
	</size>
	<segmented>0</segmented>
	<object>
		<name>stop</name>
		<pose>Unspecified</pose>
		<truncated>0</truncated>
		<difficult>0</difficult>
		<bndbox>
			<xmin>217</xmin>
			<ymin>192</ymin>
			<xmax>344</xmax>
			<ymax>316</ymax>
		</bndbox>
	</object>
	<object>
		<name>no_stop_and_parking</name>
		<pose>Unspecified</pose>
		<truncated>0</truncated>
		<difficult>0</difficult>
		<bndbox>
			<xmin>350</xmin>
			<ymin>231</ymin>
			<xmax>426</xmax>
			<ymax>325</ymax>
		</bndbox>
	</object>
	<object>
		<name>residential</name>
		<pose>Unspecified</pose>
		<truncated>0</truncated>
		<difficult>0</difficult>
		<bndbox>
			<xmin>420</xmin>
			<ymin>264</ymin>
			<xmax>487</xmax>
			<ymax>335</ymax>
		</bndbox>
	</object>
</annotation>
