<annotation>
	<folder>brownBack</folder>
	<filename>brown0226.jpg</filename>
	<path>/media/datta/Sri Datta1/perception_22/brownBack/brown0226.jpg</path>
	<source>
		<database>Unknown</database>
	</source>
	<size>
		<width>640</width>
		<height>480</height>
		<depth>3</depth>
	</size>
	<segmented>0</segmented>
	<object>
		<name>road_narrows_left</name>
		<pose>Unspecified</pose>
		<truncated>0</truncated>
		<difficult>0</difficult>
		<bndbox>
			<xmin>159</xmin>
			<ymin>197</ymin>
			<xmax>211</xmax>
			<ymax>284</ymax>
		</bndbox>
	</object>
	<object>
		<name>roundabout_warning</name>
		<pose>Unspecified</pose>
		<truncated>0</truncated>
		<difficult>0</difficult>
		<bndbox>
			<xmin>219</xmin>
			<ymin>192</ymin>
			<xmax>331</xmax>
			<ymax>346</ymax>
		</bndbox>
	</object>
</annotation>
