<annotation>
	<folder>brownBack</folder>
	<filename>brown0054.jpg</filename>
	<path>/media/datta/Sri Datta1/perception_22/brownBack/brown0054.jpg</path>
	<source>
		<database>Unknown</database>
	</source>
	<size>
		<width>640</width>
		<height>480</height>
		<depth>3</depth>
	</size>
	<segmented>0</segmented>
	<object>
		<name>follow_right</name>
		<pose>Unspecified</pose>
		<truncated>0</truncated>
		<difficult>0</difficult>
		<bndbox>
			<xmin>2</xmin>
			<ymin>259</ymin>
			<xmax>60</xmax>
			<ymax>346</ymax>
		</bndbox>
	</object>
	<object>
		<name>junction</name>
		<pose>Unspecified</pose>
		<truncated>0</truncated>
		<difficult>0</difficult>
		<bndbox>
			<xmin>95</xmin>
			<ymin>218</ymin>
			<xmax>159</xmax>
			<ymax>295</ymax>
		</bndbox>
	</object>
	<object>
		<name>curve_left</name>
		<pose>Unspecified</pose>
		<truncated>0</truncated>
		<difficult>0</difficult>
		<bndbox>
			<xmin>177</xmin>
			<ymin>189</ymin>
			<xmax>275</xmax>
			<ymax>286</ymax>
		</bndbox>
	</object>
</annotation>
