<annotation>
	<folder>brownBack</folder>
	<filename>brown0079.jpg</filename>
	<path>/media/datta/Sri Datta1/perception_22/brownBack/brown0079.jpg</path>
	<source>
		<database>Unknown</database>
	</source>
	<size>
		<width>640</width>
		<height>480</height>
		<depth>3</depth>
	</size>
	<segmented>0</segmented>
	<object>
		<name>curve_left</name>
		<pose>Unspecified</pose>
		<truncated>0</truncated>
		<difficult>0</difficult>
		<bndbox>
			<xmin>175</xmin>
			<ymin>256</ymin>
			<xmax>306</xmax>
			<ymax>374</ymax>
		</bndbox>
	</object>
</annotation>
