<annotation>
	<folder>brownBack</folder>
	<filename>brown0270.jpg</filename>
	<path>/media/datta/Sri Datta1/perception_22/brownBack/brown0270.jpg</path>
	<source>
		<database>Unknown</database>
	</source>
	<size>
		<width>640</width>
		<height>480</height>
		<depth>3</depth>
	</size>
	<segmented>0</segmented>
	<object>
		<name>road_narrows_left</name>
		<pose>Unspecified</pose>
		<truncated>0</truncated>
		<difficult>0</difficult>
		<bndbox>
			<xmin>311</xmin>
			<ymin>236</ymin>
			<xmax>367</xmax>
			<ymax>321</ymax>
		</bndbox>
	</object>
	<object>
		<name>roundabout_warning</name>
		<pose>Unspecified</pose>
		<truncated>0</truncated>
		<difficult>0</difficult>
		<bndbox>
			<xmin>378</xmin>
			<ymin>281</ymin>
			<xmax>512</xmax>
			<ymax>447</ymax>
		</bndbox>
	</object>
</annotation>
