<annotation>
	<folder>brownbackgroundallsigns</folder>
	<filename>brownAll0110.jpg</filename>
	<path>/media/datta/Sri Datta1/perception_22/brownbackgroundallsigns/brownAll0110.jpg</path>
	<source>
		<database>Unknown</database>
	</source>
	<size>
		<width>640</width>
		<height>480</height>
		<depth>3</depth>
	</size>
	<segmented>0</segmented>
	<object>
		<name>airport</name>
		<pose>Unspecified</pose>
		<truncated>0</truncated>
		<difficult>0</difficult>
		<bndbox>
			<xmin>288</xmin>
			<ymin>297</ymin>
			<xmax>347</xmax>
			<ymax>332</ymax>
		</bndbox>
	</object>
	<object>
		<name>stop</name>
		<pose>Unspecified</pose>
		<truncated>0</truncated>
		<difficult>0</difficult>
		<bndbox>
			<xmin>276</xmin>
			<ymin>339</ymin>
			<xmax>323</xmax>
			<ymax>370</ymax>
		</bndbox>
	</object>
	<object>
		<name>follow_right</name>
		<pose>Unspecified</pose>
		<truncated>0</truncated>
		<difficult>0</difficult>
		<bndbox>
			<xmin>367</xmin>
			<ymin>302</ymin>
			<xmax>431</xmax>
			<ymax>349</ymax>
		</bndbox>
	</object>
	<object>
		<name>junction</name>
		<pose>Unspecified</pose>
		<truncated>0</truncated>
		<difficult>0</difficult>
		<bndbox>
			<xmin>467</xmin>
			<ymin>306</ymin>
			<xmax>528</xmax>
			<ymax>344</ymax>
		</bndbox>
	</object>
	<object>
		<name>curve_left</name>
		<pose>Unspecified</pose>
		<truncated>0</truncated>
		<difficult>0</difficult>
		<bndbox>
			<xmin>536</xmin>
			<ymin>311</ymin>
			<xmax>592</xmax>
			<ymax>353</ymax>
		</bndbox>
	</object>
</annotation>
