<annotation>
	<folder>brownBack</folder>
	<filename>brown0384.jpg</filename>
	<path>/media/datta/Sri Datta1/perception_22/brownBack/brown0384.jpg</path>
	<source>
		<database>Unknown</database>
	</source>
	<size>
		<width>640</width>
		<height>480</height>
		<depth>3</depth>
	</size>
	<segmented>0</segmented>
	<object>
		<name>no_bicycle</name>
		<pose>Unspecified</pose>
		<truncated>0</truncated>
		<difficult>0</difficult>
		<bndbox>
			<xmin>297</xmin>
			<ymin>202</ymin>
			<xmax>404</xmax>
			<ymax>372</ymax>
		</bndbox>
	</object>
	<object>
		<name>no_heavy_truck</name>
		<pose>Unspecified</pose>
		<truncated>0</truncated>
		<difficult>0</difficult>
		<bndbox>
			<xmin>251</xmin>
			<ymin>200</ymin>
			<xmax>296</xmax>
			<ymax>292</ymax>
		</bndbox>
	</object>
</annotation>
