<annotation>
	<folder>brownBack</folder>
	<filename>brown0230.jpg</filename>
	<path>/media/datta/Sri Datta1/perception_22/brownBack/brown0230.jpg</path>
	<source>
		<database>Unknown</database>
	</source>
	<size>
		<width>640</width>
		<height>480</height>
		<depth>3</depth>
	</size>
	<segmented>0</segmented>
	<object>
		<name>road_narrows_left</name>
		<pose>Unspecified</pose>
		<truncated>0</truncated>
		<difficult>0</difficult>
		<bndbox>
			<xmin>181</xmin>
			<ymin>197</ymin>
			<xmax>281</xmax>
			<ymax>317</ymax>
		</bndbox>
	</object>
	<object>
		<name>roundabout_warning</name>
		<pose>Unspecified</pose>
		<truncated>0</truncated>
		<difficult>0</difficult>
		<bndbox>
			<xmin>294</xmin>
			<ymin>191</ymin>
			<xmax>503</xmax>
			<ymax>398</ymax>
		</bndbox>
	</object>
</annotation>
