<annotation>
	<folder>brownbackgroundallsigns</folder>
	<filename>brownAll0171.jpg</filename>
	<path>/media/datta/Sri Datta1/perception_22/brownbackgroundallsigns/brownAll0171.jpg</path>
	<source>
		<database>Unknown</database>
	</source>
	<size>
		<width>640</width>
		<height>480</height>
		<depth>3</depth>
	</size>
	<segmented>0</segmented>
	<object>
		<name>junction</name>
		<pose>Unspecified</pose>
		<truncated>0</truncated>
		<difficult>0</difficult>
		<bndbox>
			<xmin>45</xmin>
			<ymin>104</ymin>
			<xmax>181</xmax>
			<ymax>217</ymax>
		</bndbox>
	</object>
	<object>
		<name>curve_left</name>
		<pose>Unspecified</pose>
		<truncated>0</truncated>
		<difficult>0</difficult>
		<bndbox>
			<xmin>210</xmin>
			<ymin>69</ymin>
			<xmax>339</xmax>
			<ymax>185</ymax>
		</bndbox>
	</object>
	<object>
		<name>residential</name>
		<pose>Unspecified</pose>
		<truncated>0</truncated>
		<difficult>0</difficult>
		<bndbox>
			<xmin>270</xmin>
			<ymin>228</ymin>
			<xmax>493</xmax>
			<ymax>406</ymax>
		</bndbox>
	</object>
</annotation>
