<annotation>
	<folder>brownBack</folder>
	<filename>brown0452.jpg</filename>
	<path>/media/datta/Sri Datta1/perception_22/brownBack/brown0452.jpg</path>
	<source>
		<database>Unknown</database>
	</source>
	<size>
		<width>640</width>
		<height>480</height>
		<depth>3</depth>
	</size>
	<segmented>0</segmented>
	<object>
		<name>stop</name>
		<pose>Unspecified</pose>
		<truncated>0</truncated>
		<difficult>0</difficult>
		<bndbox>
			<xmin>215</xmin>
			<ymin>164</ymin>
			<xmax>371</xmax>
			<ymax>314</ymax>
		</bndbox>
	</object>
	<object>
		<name>no_stop_and_parking</name>
		<pose>Unspecified</pose>
		<truncated>0</truncated>
		<difficult>0</difficult>
		<bndbox>
			<xmin>409</xmin>
			<ymin>206</ymin>
			<xmax>547</xmax>
			<ymax>349</ymax>
		</bndbox>
	</object>
</annotation>
