<annotation>
	<folder>brownbackgroundallsigns</folder>
	<filename>brownAll0004.jpg</filename>
	<path>/media/datta/Sri Datta1/perception_22/brownbackgroundallsigns/brownAll0004.jpg</path>
	<source>
		<database>Unknown</database>
	</source>
	<size>
		<width>640</width>
		<height>480</height>
		<depth>3</depth>
	</size>
	<segmented>0</segmented>
	<object>
		<name>airport</name>
		<pose>Unspecified</pose>
		<truncated>0</truncated>
		<difficult>0</difficult>
		<bndbox>
			<xmin>239</xmin>
			<ymin>207</ymin>
			<xmax>318</xmax>
			<ymax>255</ymax>
		</bndbox>
	</object>
	<object>
		<name>follow_right</name>
		<pose>Unspecified</pose>
		<truncated>0</truncated>
		<difficult>0</difficult>
		<bndbox>
			<xmin>346</xmin>
			<ymin>197</ymin>
			<xmax>419</xmax>
			<ymax>267</ymax>
		</bndbox>
	</object>
	<object>
		<name>stop</name>
		<pose>Unspecified</pose>
		<truncated>0</truncated>
		<difficult>0</difficult>
		<bndbox>
			<xmin>223</xmin>
			<ymin>277</ymin>
			<xmax>289</xmax>
			<ymax>333</ymax>
		</bndbox>
	</object>
	<object>
		<name>junction</name>
		<pose>Unspecified</pose>
		<truncated>0</truncated>
		<difficult>0</difficult>
		<bndbox>
			<xmin>462</xmin>
			<ymin>187</ymin>
			<xmax>523</xmax>
			<ymax>242</ymax>
		</bndbox>
	</object>
	<object>
		<name>curve_left</name>
		<pose>Unspecified</pose>
		<truncated>0</truncated>
		<difficult>0</difficult>
		<bndbox>
			<xmin>531</xmin>
			<ymin>192</ymin>
			<xmax>581</xmax>
			<ymax>240</ymax>
		</bndbox>
	</object>
	<object>
		<name>residential</name>
		<pose>Unspecified</pose>
		<truncated>0</truncated>
		<difficult>0</difficult>
		<bndbox>
			<xmin>510</xmin>
			<ymin>274</ymin>
			<xmax>601</xmax>
			<ymax>327</ymax>
		</bndbox>
	</object>
</annotation>
