<annotation>
	<folder>brownBack</folder>
	<filename>brown0485.jpg</filename>
	<path>/media/datta/Sri Datta1/perception_22/brownBack/brown0485.jpg</path>
	<source>
		<database>Unknown</database>
	</source>
	<size>
		<width>640</width>
		<height>480</height>
		<depth>3</depth>
	</size>
	<segmented>0</segmented>
	<object>
		<name>stop</name>
		<pose>Unspecified</pose>
		<truncated>0</truncated>
		<difficult>0</difficult>
		<bndbox>
			<xmin>114</xmin>
			<ymin>92</ymin>
			<xmax>224</xmax>
			<ymax>180</ymax>
		</bndbox>
	</object>
	<object>
		<name>no_stop_and_parking</name>
		<pose>Unspecified</pose>
		<truncated>0</truncated>
		<difficult>0</difficult>
		<bndbox>
			<xmin>274</xmin>
			<ymin>67</ymin>
			<xmax>415</xmax>
			<ymax>170</ymax>
		</bndbox>
	</object>
</annotation>
