<annotation>
	<folder>brownBack</folder>
	<filename>brown0239.jpg</filename>
	<path>/media/datta/Sri Datta1/perception_22/brownBack/brown0239.jpg</path>
	<source>
		<database>Unknown</database>
	</source>
	<size>
		<width>640</width>
		<height>480</height>
		<depth>3</depth>
	</size>
	<segmented>0</segmented>
	<object>
		<name>road_narrows_left</name>
		<pose>Unspecified</pose>
		<truncated>0</truncated>
		<difficult>0</difficult>
		<bndbox>
			<xmin>239</xmin>
			<ymin>242</ymin>
			<xmax>331</xmax>
			<ymax>330</ymax>
		</bndbox>
	</object>
	<object>
		<name>roundabout_warning</name>
		<pose>Unspecified</pose>
		<truncated>0</truncated>
		<difficult>0</difficult>
		<bndbox>
			<xmin>345</xmin>
			<ymin>228</ymin>
			<xmax>495</xmax>
			<ymax>349</ymax>
		</bndbox>
	</object>
</annotation>
