<annotation>
	<folder>brownBack</folder>
	<filename>brown0063.jpg</filename>
	<path>/media/datta/Sri Datta1/perception_22/brownBack/brown0063.jpg</path>
	<source>
		<database>Unknown</database>
	</source>
	<size>
		<width>640</width>
		<height>480</height>
		<depth>3</depth>
	</size>
	<segmented>0</segmented>
	<object>
		<name>airport</name>
		<pose>Unspecified</pose>
		<truncated>0</truncated>
		<difficult>0</difficult>
		<bndbox>
			<xmin>121</xmin>
			<ymin>239</ymin>
			<xmax>185</xmax>
			<ymax>322</ymax>
		</bndbox>
	</object>
	<object>
		<name>follow_right</name>
		<pose>Unspecified</pose>
		<truncated>0</truncated>
		<difficult>0</difficult>
		<bndbox>
			<xmin>219</xmin>
			<ymin>253</ymin>
			<xmax>334</xmax>
			<ymax>393</ymax>
		</bndbox>
	</object>
</annotation>
