<annotation>
	<folder>brownBack</folder>
	<filename>brown0392.jpg</filename>
	<path>/media/datta/Sri Datta1/perception_22/brownBack/brown0392.jpg</path>
	<source>
		<database>Unknown</database>
	</source>
	<size>
		<width>640</width>
		<height>480</height>
		<depth>3</depth>
	</size>
	<segmented>0</segmented>
	<object>
		<name>follow_left</name>
		<pose>Unspecified</pose>
		<truncated>0</truncated>
		<difficult>0</difficult>
		<bndbox>
			<xmin>373</xmin>
			<ymin>201</ymin>
			<xmax>617</xmax>
			<ymax>428</ymax>
		</bndbox>
	</object>
	<object>
		<name>curve_right</name>
		<pose>Unspecified</pose>
		<truncated>0</truncated>
		<difficult>0</difficult>
		<bndbox>
			<xmin>288</xmin>
			<ymin>214</ymin>
			<xmax>362</xmax>
			<ymax>325</ymax>
		</bndbox>
	</object>
	<object>
		<name>background</name>
		<pose>Unspecified</pose>
		<truncated>0</truncated>
		<difficult>0</difficult>
		<bndbox>
			<xmin>294</xmin>
			<ymin>367</ymin>
			<xmax>348</xmax>
			<ymax>442</ymax>
		</bndbox>
	</object>
	<object>
		<name>background</name>
		<pose>Unspecified</pose>
		<truncated>0</truncated>
		<difficult>0</difficult>
		<bndbox>
			<xmin>318</xmin>
			<ymin>33</ymin>
			<xmax>387</xmax>
			<ymax>78</ymax>
		</bndbox>
	</object>
</annotation>
