<annotation>
	<folder>brownBack</folder>
	<filename>brown0244.jpg</filename>
	<path>/media/datta/Sri Datta1/perception_22/brownBack/brown0244.jpg</path>
	<source>
		<database>Unknown</database>
	</source>
	<size>
		<width>640</width>
		<height>480</height>
		<depth>3</depth>
	</size>
	<segmented>0</segmented>
	<object>
		<name>road_narrows_left</name>
		<pose>Unspecified</pose>
		<truncated>0</truncated>
		<difficult>0</difficult>
		<bndbox>
			<xmin>187</xmin>
			<ymin>256</ymin>
			<xmax>234</xmax>
			<ymax>300</ymax>
		</bndbox>
	</object>
	<object>
		<name>roundabout_warning</name>
		<pose>Unspecified</pose>
		<truncated>0</truncated>
		<difficult>0</difficult>
		<bndbox>
			<xmin>236</xmin>
			<ymin>263</ymin>
			<xmax>300</xmax>
			<ymax>315</ymax>
		</bndbox>
	</object>
</annotation>
