<annotation>
	<folder>brownBack</folder>
	<filename>brown0458.jpg</filename>
	<path>/media/datta/Sri Datta1/perception_22/brownBack/brown0458.jpg</path>
	<source>
		<database>Unknown</database>
	</source>
	<size>
		<width>640</width>
		<height>480</height>
		<depth>3</depth>
	</size>
	<segmented>0</segmented>
	<object>
		<name>stop</name>
		<pose>Unspecified</pose>
		<truncated>0</truncated>
		<difficult>0</difficult>
		<bndbox>
			<xmin>13</xmin>
			<ymin>152</ymin>
			<xmax>235</xmax>
			<ymax>339</ymax>
		</bndbox>
	</object>
	<object>
		<name>no_stop_and_parking</name>
		<pose>Unspecified</pose>
		<truncated>0</truncated>
		<difficult>0</difficult>
		<bndbox>
			<xmin>265</xmin>
			<ymin>202</ymin>
			<xmax>334</xmax>
			<ymax>303</ymax>
		</bndbox>
	</object>
</annotation>
