<annotation>
	<folder>brownbackgroundallsigns</folder>
	<filename>brownAll0172.jpg</filename>
	<path>/media/datta/Sri Datta1/perception_22/brownbackgroundallsigns/brownAll0172.jpg</path>
	<source>
		<database>Unknown</database>
	</source>
	<size>
		<width>640</width>
		<height>480</height>
		<depth>3</depth>
	</size>
	<segmented>0</segmented>
	<object>
		<name>curve_left</name>
		<pose>Unspecified</pose>
		<truncated>0</truncated>
		<difficult>0</difficult>
		<bndbox>
			<xmin>170</xmin>
			<ymin>109</ymin>
			<xmax>295</xmax>
			<ymax>225</ymax>
		</bndbox>
	</object>
	<object>
		<name>junction</name>
		<pose>Unspecified</pose>
		<truncated>0</truncated>
		<difficult>0</difficult>
		<bndbox>
			<xmin>47</xmin>
			<ymin>160</ymin>
			<xmax>153</xmax>
			<ymax>257</ymax>
		</bndbox>
	</object>
	<object>
		<name>residential</name>
		<pose>Unspecified</pose>
		<truncated>0</truncated>
		<difficult>0</difficult>
		<bndbox>
			<xmin>236</xmin>
			<ymin>246</ymin>
			<xmax>481</xmax>
			<ymax>440</ymax>
		</bndbox>
	</object>
</annotation>
