<annotation>
	<folder>brownBack</folder>
	<filename>brown0067.jpg</filename>
	<path>/media/datta/Sri Datta1/perception_22/brownBack/brown0067.jpg</path>
	<source>
		<database>Unknown</database>
	</source>
	<size>
		<width>640</width>
		<height>480</height>
		<depth>3</depth>
	</size>
	<segmented>0</segmented>
	<object>
		<name>airport</name>
		<pose>Unspecified</pose>
		<truncated>0</truncated>
		<difficult>0</difficult>
		<bndbox>
			<xmin>227</xmin>
			<ymin>235</ymin>
			<xmax>382</xmax>
			<ymax>336</ymax>
		</bndbox>
	</object>
	<object>
		<name>follow_right</name>
		<pose>Unspecified</pose>
		<truncated>0</truncated>
		<difficult>0</difficult>
		<bndbox>
			<xmin>403</xmin>
			<ymin>264</ymin>
			<xmax>481</xmax>
			<ymax>353</ymax>
		</bndbox>
	</object>
	<object>
		<name>junction</name>
		<pose>Unspecified</pose>
		<truncated>0</truncated>
		<difficult>0</difficult>
		<bndbox>
			<xmin>500</xmin>
			<ymin>273</ymin>
			<xmax>540</xmax>
			<ymax>325</ymax>
		</bndbox>
	</object>
	<object>
		<name>curve_left</name>
		<pose>Unspecified</pose>
		<truncated>0</truncated>
		<difficult>0</difficult>
		<bndbox>
			<xmin>537</xmin>
			<ymin>290</ymin>
			<xmax>564</xmax>
			<ymax>328</ymax>
		</bndbox>
	</object>
</annotation>
