<annotation>
	<folder>brownBack</folder>
	<filename>brown0209.jpg</filename>
	<path>/media/datta/Sri Datta1/perception_22/brownBack/brown0209.jpg</path>
	<source>
		<database>Unknown</database>
	</source>
	<size>
		<width>640</width>
		<height>480</height>
		<depth>3</depth>
	</size>
	<segmented>0</segmented>
	<object>
		<name>road_narrows_left</name>
		<pose>Unspecified</pose>
		<truncated>0</truncated>
		<difficult>0</difficult>
		<bndbox>
			<xmin>292</xmin>
			<ymin>130</ymin>
			<xmax>366</xmax>
			<ymax>210</ymax>
		</bndbox>
	</object>
	<object>
		<name>roundabout_warning</name>
		<pose>Unspecified</pose>
		<truncated>0</truncated>
		<difficult>0</difficult>
		<bndbox>
			<xmin>373</xmin>
			<ymin>131</ymin>
			<xmax>492</xmax>
			<ymax>239</ymax>
		</bndbox>
	</object>
</annotation>
