<annotation>
	<folder>brownBack</folder>
	<filename>brown0020.jpg</filename>
	<path>/media/datta/Sri Datta1/perception_22/brownBack/brown0020.jpg</path>
	<source>
		<database>Unknown</database>
	</source>
	<size>
		<width>640</width>
		<height>480</height>
		<depth>3</depth>
	</size>
	<segmented>0</segmented>
	<object>
		<name>airport</name>
		<pose>Unspecified</pose>
		<truncated>0</truncated>
		<difficult>0</difficult>
		<bndbox>
			<xmin>17</xmin>
			<ymin>253</ymin>
			<xmax>89</xmax>
			<ymax>290</ymax>
		</bndbox>
	</object>
	<object>
		<name>follow_right</name>
		<pose>Unspecified</pose>
		<truncated>0</truncated>
		<difficult>0</difficult>
		<bndbox>
			<xmin>99</xmin>
			<ymin>259</ymin>
			<xmax>164</xmax>
			<ymax>306</ymax>
		</bndbox>
	</object>
	<object>
		<name>junction</name>
		<pose>Unspecified</pose>
		<truncated>0</truncated>
		<difficult>0</difficult>
		<bndbox>
			<xmin>203</xmin>
			<ymin>262</ymin>
			<xmax>256</xmax>
			<ymax>305</ymax>
		</bndbox>
	</object>
	<object>
		<name>curve_left</name>
		<pose>Unspecified</pose>
		<truncated>0</truncated>
		<difficult>0</difficult>
		<bndbox>
			<xmin>271</xmin>
			<ymin>274</ymin>
			<xmax>327</xmax>
			<ymax>316</ymax>
		</bndbox>
	</object>
	<object>
		<name>background</name>
		<pose>Unspecified</pose>
		<truncated>0</truncated>
		<difficult>0</difficult>
		<bndbox>
			<xmin>48</xmin>
			<ymin>308</ymin>
			<xmax>87</xmax>
			<ymax>345</ymax>
		</bndbox>
	</object>
</annotation>
