<annotation>
	<folder>brownbackgroundallsigns</folder>
	<filename>brownAll0338.jpg</filename>
	<path>/media/datta/Sri Datta1/perception_22/brownbackgroundallsigns/brownAll0338.jpg</path>
	<source>
		<database>Unknown</database>
	</source>
	<size>
		<width>640</width>
		<height>480</height>
		<depth>3</depth>
	</size>
	<segmented>0</segmented>
	<object>
		<name>co_parking</name>
		<pose>Unspecified</pose>
		<truncated>0</truncated>
		<difficult>0</difficult>
		<bndbox>
			<xmin>157</xmin>
			<ymin>290</ymin>
			<xmax>312</xmax>
			<ymax>423</ymax>
		</bndbox>
	</object>
	<object>
		<name>no_stop_and_parking</name>
		<pose>Unspecified</pose>
		<truncated>0</truncated>
		<difficult>0</difficult>
		<bndbox>
			<xmin>355</xmin>
			<ymin>345</ymin>
			<xmax>469</xmax>
			<ymax>447</ymax>
		</bndbox>
	</object>
	<object>
		<name>road_narrows_left</name>
		<pose>Unspecified</pose>
		<truncated>0</truncated>
		<difficult>0</difficult>
		<bndbox>
			<xmin>325</xmin>
			<ymin>128</ymin>
			<xmax>435</xmax>
			<ymax>254</ymax>
		</bndbox>
	</object>
</annotation>
