<annotation>
	<folder>brownBack</folder>
	<filename>brown0030.jpg</filename>
	<path>/media/datta/Sri Datta1/perception_22/brownBack/brown0030.jpg</path>
	<source>
		<database>Unknown</database>
	</source>
	<size>
		<width>640</width>
		<height>480</height>
		<depth>3</depth>
	</size>
	<segmented>0</segmented>
	<object>
		<name>airport</name>
		<pose>Unspecified</pose>
		<truncated>0</truncated>
		<difficult>0</difficult>
		<bndbox>
			<xmin>57</xmin>
			<ymin>267</ymin>
			<xmax>206</xmax>
			<ymax>330</ymax>
		</bndbox>
	</object>
	<object>
		<name>follow_right</name>
		<pose>Unspecified</pose>
		<truncated>0</truncated>
		<difficult>0</difficult>
		<bndbox>
			<xmin>250</xmin>
			<ymin>251</ymin>
			<xmax>334</xmax>
			<ymax>313</ymax>
		</bndbox>
	</object>
	<object>
		<name>junction</name>
		<pose>Unspecified</pose>
		<truncated>0</truncated>
		<difficult>0</difficult>
		<bndbox>
			<xmin>378</xmin>
			<ymin>236</ymin>
			<xmax>432</xmax>
			<ymax>281</ymax>
		</bndbox>
	</object>
	<object>
		<name>curve_left</name>
		<pose>Unspecified</pose>
		<truncated>0</truncated>
		<difficult>0</difficult>
		<bndbox>
			<xmin>440</xmin>
			<ymin>232</ymin>
			<xmax>491</xmax>
			<ymax>279</ymax>
		</bndbox>
	</object>
	<object>
		<name>background</name>
		<pose>Unspecified</pose>
		<truncated>0</truncated>
		<difficult>0</difficult>
		<bndbox>
			<xmin>365</xmin>
			<ymin>314</ymin>
			<xmax>424</xmax>
			<ymax>361</ymax>
		</bndbox>
	</object>
	<object>
		<name>background</name>
		<pose>Unspecified</pose>
		<truncated>0</truncated>
		<difficult>0</difficult>
		<bndbox>
			<xmin>326</xmin>
			<ymin>49</ymin>
			<xmax>406</xmax>
			<ymax>128</ymax>
		</bndbox>
	</object>
</annotation>
