<annotation>
	<folder>brownBack</folder>
	<filename>brown0450.jpg</filename>
	<path>/media/datta/Sri Datta1/perception_22/brownBack/brown0450.jpg</path>
	<source>
		<database>Unknown</database>
	</source>
	<size>
		<width>640</width>
		<height>480</height>
		<depth>3</depth>
	</size>
	<segmented>0</segmented>
	<object>
		<name>stop</name>
		<pose>Unspecified</pose>
		<truncated>0</truncated>
		<difficult>0</difficult>
		<bndbox>
			<xmin>231</xmin>
			<ymin>159</ymin>
			<xmax>339</xmax>
			<ymax>291</ymax>
		</bndbox>
	</object>
	<object>
		<name>no_stop_and_parking</name>
		<pose>Unspecified</pose>
		<truncated>1</truncated>
		<difficult>0</difficult>
		<bndbox>
			<xmin>394</xmin>
			<ymin>120</ymin>
			<xmax>640</xmax>
			<ymax>379</ymax>
		</bndbox>
	</object>
</annotation>
