<annotation>
	<folder>brownBack</folder>
	<filename>brown0467.jpg</filename>
	<path>/media/datta/Sri Datta1/perception_22/brownBack/brown0467.jpg</path>
	<source>
		<database>Unknown</database>
	</source>
	<size>
		<width>640</width>
		<height>480</height>
		<depth>3</depth>
	</size>
	<segmented>0</segmented>
	<object>
		<name>residential</name>
		<pose>Unspecified</pose>
		<truncated>0</truncated>
		<difficult>0</difficult>
		<bndbox>
			<xmin>231</xmin>
			<ymin>172</ymin>
			<xmax>364</xmax>
			<ymax>249</ymax>
		</bndbox>
	</object>
	<object>
		<name>no_stop_and_parking</name>
		<pose>Unspecified</pose>
		<truncated>0</truncated>
		<difficult>0</difficult>
		<bndbox>
			<xmin>128</xmin>
			<ymin>216</ymin>
			<xmax>230</xmax>
			<ymax>269</ymax>
		</bndbox>
	</object>
	<object>
		<name>stop</name>
		<pose>Unspecified</pose>
		<truncated>0</truncated>
		<difficult>0</difficult>
		<bndbox>
			<xmin>66</xmin>
			<ymin>244</ymin>
			<xmax>147</xmax>
			<ymax>282</ymax>
		</bndbox>
	</object>
</annotation>
