<annotation>
	<folder>floor</folder>
	<filename>floor0151.jpg</filename>
	<path>/media/datta/Sri Datta/perception_22/floor/floor0151.jpg</path>
	<source>
		<database>Unknown</database>
	</source>
	<size>
		<width>640</width>
		<height>480</height>
		<depth>3</depth>
	</size>
	<segmented>0</segmented>
	<object>
		<name>no_stop_and_parking</name>
		<pose>Unspecified</pose>
		<truncated>0</truncated>
		<difficult>0</difficult>
		<bndbox>
			<xmin>26</xmin>
			<ymin>232</ymin>
			<xmax>98</xmax>
			<ymax>296</ymax>
		</bndbox>
	</object>
	<object>
		<name>road_narrows_left</name>
		<pose>Unspecified</pose>
		<truncated>0</truncated>
		<difficult>0</difficult>
		<bndbox>
			<xmin>33</xmin>
			<ymin>319</ymin>
			<xmax>105</xmax>
			<ymax>388</ymax>
		</bndbox>
	</object>
	<object>
		<name>curve_right</name>
		<pose>Unspecified</pose>
		<truncated>0</truncated>
		<difficult>0</difficult>
		<bndbox>
			<xmin>143</xmin>
			<ymin>222</ymin>
			<xmax>201</xmax>
			<ymax>267</ymax>
		</bndbox>
	</object>
	<object>
		<name>road_narrows_right</name>
		<pose>Unspecified</pose>
		<truncated>0</truncated>
		<difficult>0</difficult>
		<bndbox>
			<xmin>263</xmin>
			<ymin>199</ymin>
			<xmax>326</xmax>
			<ymax>259</ymax>
		</bndbox>
	</object>
	<object>
		<name>stop</name>
		<pose>Unspecified</pose>
		<truncated>0</truncated>
		<difficult>0</difficult>
		<bndbox>
			<xmin>259</xmin>
			<ymin>279</ymin>
			<xmax>325</xmax>
			<ymax>347</ymax>
		</bndbox>
	</object>
	<object>
		<name>no_bicycle</name>
		<pose>Unspecified</pose>
		<truncated>0</truncated>
		<difficult>0</difficult>
		<bndbox>
			<xmin>135</xmin>
			<ymin>303</ymin>
			<xmax>212</xmax>
			<ymax>378</ymax>
		</bndbox>
	</object>
	<object>
		<name>follow_left</name>
		<pose>Unspecified</pose>
		<truncated>0</truncated>
		<difficult>0</difficult>
		<bndbox>
			<xmin>371</xmin>
			<ymin>264</ymin>
			<xmax>427</xmax>
			<ymax>326</ymax>
		</bndbox>
	</object>
	<object>
		<name>junction</name>
		<pose>Unspecified</pose>
		<truncated>0</truncated>
		<difficult>0</difficult>
		<bndbox>
			<xmin>356</xmin>
			<ymin>192</ymin>
			<xmax>402</xmax>
			<ymax>232</ymax>
		</bndbox>
	</object>
	<object>
		<name>no_heavy_truck</name>
		<pose>Unspecified</pose>
		<truncated>0</truncated>
		<difficult>0</difficult>
		<bndbox>
			<xmin>423</xmin>
			<ymin>180</ymin>
			<xmax>480</xmax>
			<ymax>231</ymax>
		</bndbox>
	</object>
	<object>
		<name>follow_right</name>
		<pose>Unspecified</pose>
		<truncated>0</truncated>
		<difficult>0</difficult>
		<bndbox>
			<xmin>589</xmin>
			<ymin>171</ymin>
			<xmax>632</xmax>
			<ymax>216</ymax>
		</bndbox>
	</object>
</annotation>
