<annotation>
	<folder>floor</folder>
	<filename>floor0042.jpg</filename>
	<path>/media/datta/Sri Datta/perception_22/floor/floor0042.jpg</path>
	<source>
		<database>Unknown</database>
	</source>
	<size>
		<width>640</width>
		<height>480</height>
		<depth>3</depth>
	</size>
	<segmented>0</segmented>
	<object>
		<name>no_stop_and_parking</name>
		<pose>Unspecified</pose>
		<truncated>0</truncated>
		<difficult>0</difficult>
		<bndbox>
			<xmin>171</xmin>
			<ymin>245</ymin>
			<xmax>213</xmax>
			<ymax>284</ymax>
		</bndbox>
	</object>
</annotation>
