<annotation>
	<folder>floor</folder>
	<filename>floor0144.jpg</filename>
	<path>/media/datta/Sri Datta/perception_22/floor/floor0144.jpg</path>
	<source>
		<database>Unknown</database>
	</source>
	<size>
		<width>640</width>
		<height>480</height>
		<depth>3</depth>
	</size>
	<segmented>0</segmented>
	<object>
		<name>roundabout_warning</name>
		<pose>Unspecified</pose>
		<truncated>0</truncated>
		<difficult>0</difficult>
		<bndbox>
			<xmin>318</xmin>
			<ymin>217</ymin>
			<xmax>383</xmax>
			<ymax>283</ymax>
		</bndbox>
	</object>
	<object>
		<name>curve_left</name>
		<pose>Unspecified</pose>
		<truncated>0</truncated>
		<difficult>0</difficult>
		<bndbox>
			<xmin>337</xmin>
			<ymin>327</ymin>
			<xmax>407</xmax>
			<ymax>402</ymax>
		</bndbox>
	</object>
	<object>
		<name>road_narrows_left</name>
		<pose>Unspecified</pose>
		<truncated>0</truncated>
		<difficult>0</difficult>
		<bndbox>
			<xmin>473</xmin>
			<ymin>355</ymin>
			<xmax>545</xmax>
			<ymax>430</ymax>
		</bndbox>
	</object>
</annotation>
