<annotation>
	<folder>floor</folder>
	<filename>floor0152.jpg</filename>
	<path>/media/datta/Sri Datta/perception_22/floor/floor0152.jpg</path>
	<source>
		<database>Unknown</database>
	</source>
	<size>
		<width>640</width>
		<height>480</height>
		<depth>3</depth>
	</size>
	<segmented>0</segmented>
	<object>
		<name>stop</name>
		<pose>Unspecified</pose>
		<truncated>0</truncated>
		<difficult>0</difficult>
		<bndbox>
			<xmin>226</xmin>
			<ymin>296</ymin>
			<xmax>287</xmax>
			<ymax>365</ymax>
		</bndbox>
	</object>
	<object>
		<name>no_bicycle</name>
		<pose>Unspecified</pose>
		<truncated>0</truncated>
		<difficult>0</difficult>
		<bndbox>
			<xmin>102</xmin>
			<ymin>323</ymin>
			<xmax>174</xmax>
			<ymax>406</ymax>
		</bndbox>
	</object>
	<object>
		<name>background</name>
		<pose>Unspecified</pose>
		<truncated>0</truncated>
		<difficult>0</difficult>
		<bndbox>
			<xmin>219</xmin>
			<ymin>377</ymin>
			<xmax>257</xmax>
			<ymax>424</ymax>
		</bndbox>
	</object>
	<object>
		<name>background</name>
		<pose>Unspecified</pose>
		<truncated>0</truncated>
		<difficult>0</difficult>
		<bndbox>
			<xmin>271</xmin>
			<ymin>140</ymin>
			<xmax>308</xmax>
			<ymax>174</ymax>
		</bndbox>
	</object>
	<object>
		<name>background</name>
		<pose>Unspecified</pose>
		<truncated>0</truncated>
		<difficult>0</difficult>
		<bndbox>
			<xmin>386</xmin>
			<ymin>363</ymin>
			<xmax>443</xmax>
			<ymax>413</ymax>
		</bndbox>
	</object>
	<object>
		<name>background</name>
		<pose>Unspecified</pose>
		<truncated>0</truncated>
		<difficult>0</difficult>
		<bndbox>
			<xmin>397</xmin>
			<ymin>75</ymin>
			<xmax>440</xmax>
			<ymax>128</ymax>
		</bndbox>
	</object>
	<object>
		<name>follow_left</name>
		<pose>Unspecified</pose>
		<truncated>0</truncated>
		<difficult>0</difficult>
		<bndbox>
			<xmin>333</xmin>
			<ymin>268</ymin>
			<xmax>391</xmax>
			<ymax>330</ymax>
		</bndbox>
	</object>
	<object>
		<name>road_narrows_right</name>
		<pose>Unspecified</pose>
		<truncated>0</truncated>
		<difficult>0</difficult>
		<bndbox>
			<xmin>224</xmin>
			<ymin>216</ymin>
			<xmax>290</xmax>
			<ymax>272</ymax>
		</bndbox>
	</object>
	<object>
		<name>curve_right</name>
		<pose>Unspecified</pose>
		<truncated>0</truncated>
		<difficult>0</difficult>
		<bndbox>
			<xmin>107</xmin>
			<ymin>243</ymin>
			<xmax>166</xmax>
			<ymax>295</ymax>
		</bndbox>
	</object>
	<object>
		<name>no_stop_and_parking</name>
		<pose>Unspecified</pose>
		<truncated>0</truncated>
		<difficult>0</difficult>
		<bndbox>
			<xmin>2</xmin>
			<ymin>263</ymin>
			<xmax>67</xmax>
			<ymax>329</ymax>
		</bndbox>
	</object>
	<object>
		<name>junction</name>
		<pose>Unspecified</pose>
		<truncated>0</truncated>
		<difficult>0</difficult>
		<bndbox>
			<xmin>319</xmin>
			<ymin>206</ymin>
			<xmax>363</xmax>
			<ymax>239</ymax>
		</bndbox>
	</object>
	<object>
		<name>follow_right</name>
		<pose>Unspecified</pose>
		<truncated>0</truncated>
		<difficult>0</difficult>
		<bndbox>
			<xmin>546</xmin>
			<ymin>166</ymin>
			<xmax>589</xmax>
			<ymax>207</ymax>
		</bndbox>
	</object>
</annotation>
