<annotation>
	<folder>floor</folder>
	<filename>floor0156.jpg</filename>
	<path>/media/datta/Sri Datta/perception_22/floor/floor0156.jpg</path>
	<source>
		<database>Unknown</database>
	</source>
	<size>
		<width>640</width>
		<height>480</height>
		<depth>3</depth>
	</size>
	<segmented>0</segmented>
	<object>
		<name>follow_right</name>
		<pose>Unspecified</pose>
		<truncated>0</truncated>
		<difficult>0</difficult>
		<bndbox>
			<xmin>379</xmin>
			<ymin>264</ymin>
			<xmax>426</xmax>
			<ymax>308</ymax>
		</bndbox>
	</object>
	<object>
		<name>airport</name>
		<pose>Unspecified</pose>
		<truncated>0</truncated>
		<difficult>0</difficult>
		<bndbox>
			<xmin>328</xmin>
			<ymin>340</ymin>
			<xmax>391</xmax>
			<ymax>391</ymax>
		</bndbox>
	</object>
	<object>
		<name>no_heavy_truck</name>
		<pose>Unspecified</pose>
		<truncated>0</truncated>
		<difficult>0</difficult>
		<bndbox>
			<xmin>203</xmin>
			<ymin>286</ymin>
			<xmax>253</xmax>
			<ymax>332</ymax>
		</bndbox>
	</object>
	<object>
		<name>junction</name>
		<pose>Unspecified</pose>
		<truncated>0</truncated>
		<difficult>0</difficult>
		<bndbox>
			<xmin>134</xmin>
			<ymin>299</ymin>
			<xmax>179</xmax>
			<ymax>338</ymax>
		</bndbox>
	</object>
	<object>
		<name>follow_left</name>
		<pose>Unspecified</pose>
		<truncated>0</truncated>
		<difficult>0</difficult>
		<bndbox>
			<xmin>102</xmin>
			<ymin>371</ymin>
			<xmax>161</xmax>
			<ymax>436</ymax>
		</bndbox>
	</object>
	<object>
		<name>co_parking</name>
		<pose>Unspecified</pose>
		<truncated>0</truncated>
		<difficult>0</difficult>
		<bndbox>
			<xmin>182</xmin>
			<ymin>358</ymin>
			<xmax>251</xmax>
			<ymax>433</ymax>
		</bndbox>
	</object>
	<object>
		<name>road_narrows_right</name>
		<pose>Unspecified</pose>
		<truncated>0</truncated>
		<difficult>0</difficult>
		<bndbox>
			<xmin>52</xmin>
			<ymin>312</ymin>
			<xmax>111</xmax>
			<ymax>359</ymax>
		</bndbox>
	</object>
</annotation>
