<annotation>
	<folder>red</folder>
	<filename>frame0137.jpg</filename>
	<path>/media/datta/Sri Datta/perception_22/red/frame0137.jpg</path>
	<source>
		<database>Unknown</database>
	</source>
	<size>
		<width>640</width>
		<height>480</height>
		<depth>3</depth>
	</size>
	<segmented>0</segmented>
	<object>
		<name>roundabout_warning</name>
		<pose>Unspecified</pose>
		<truncated>0</truncated>
		<difficult>0</difficult>
		<bndbox>
			<xmin>418</xmin>
			<ymin>206</ymin>
			<xmax>498</xmax>
			<ymax>280</ymax>
		</bndbox>
	</object>
	<object>
		<name>road_narrows_left</name>
		<pose>Unspecified</pose>
		<truncated>0</truncated>
		<difficult>0</difficult>
		<bndbox>
			<xmin>317</xmin>
			<ymin>187</ymin>
			<xmax>382</xmax>
			<ymax>250</ymax>
		</bndbox>
	</object>
	<object>
		<name>co_parking</name>
		<pose>Unspecified</pose>
		<truncated>0</truncated>
		<difficult>0</difficult>
		<bndbox>
			<xmin>326</xmin>
			<ymin>291</ymin>
			<xmax>403</xmax>
			<ymax>372</ymax>
		</bndbox>
	</object>
</annotation>
