<annotation>
	<folder>red</folder>
	<filename>frame0209.jpg</filename>
	<path>/media/datta/Sri Datta/perception_22/red/frame0209.jpg</path>
	<source>
		<database>Unknown</database>
	</source>
	<size>
		<width>640</width>
		<height>480</height>
		<depth>3</depth>
	</size>
	<segmented>0</segmented>
	<object>
		<name>background</name>
		<pose>Unspecified</pose>
		<truncated>0</truncated>
		<difficult>0</difficult>
		<bndbox>
			<xmin>194</xmin>
			<ymin>175</ymin>
			<xmax>246</xmax>
			<ymax>238</ymax>
		</bndbox>
	</object>
	<object>
		<name>airport</name>
		<pose>Unspecified</pose>
		<truncated>0</truncated>
		<difficult>0</difficult>
		<bndbox>
			<xmin>61</xmin>
			<ymin>170</ymin>
			<xmax>182</xmax>
			<ymax>279</ymax>
		</bndbox>
	</object>
</annotation>
