<annotation>
	<folder>red</folder>
	<filename>frame0066.jpg</filename>
	<path>/media/datta/Sri Datta/perception_22/red/frame0066.jpg</path>
	<source>
		<database>Unknown</database>
	</source>
	<size>
		<width>640</width>
		<height>480</height>
		<depth>3</depth>
	</size>
	<segmented>0</segmented>
	<object>
		<name>junction</name>
		<pose>Unspecified</pose>
		<truncated>0</truncated>
		<difficult>0</difficult>
		<bndbox>
			<xmin>276</xmin>
			<ymin>192</ymin>
			<xmax>346</xmax>
			<ymax>266</ymax>
		</bndbox>
	</object>
	<object>
		<name>follow_right</name>
		<pose>Unspecified</pose>
		<truncated>0</truncated>
		<difficult>0</difficult>
		<bndbox>
			<xmin>346</xmin>
			<ymin>176</ymin>
			<xmax>398</xmax>
			<ymax>255</ymax>
		</bndbox>
	</object>
</annotation>
