<annotation>
	<folder>red</folder>
	<filename>frame0021.jpg</filename>
	<path>/media/datta/Sri Datta/perception_22/red/frame0021.jpg</path>
	<source>
		<database>Unknown</database>
	</source>
	<size>
		<width>640</width>
		<height>480</height>
		<depth>3</depth>
	</size>
	<segmented>0</segmented>
	<object>
		<name>road_narrows_right</name>
		<pose>Unspecified</pose>
		<truncated>0</truncated>
		<difficult>0</difficult>
		<bndbox>
			<xmin>192</xmin>
			<ymin>229</ymin>
			<xmax>363</xmax>
			<ymax>335</ymax>
		</bndbox>
	</object>
	<object>
		<name>follow_left</name>
		<pose>Unspecified</pose>
		<truncated>0</truncated>
		<difficult>0</difficult>
		<bndbox>
			<xmin>479</xmin>
			<ymin>244</ymin>
			<xmax>576</xmax>
			<ymax>336</ymax>
		</bndbox>
	</object>
	<object>
		<name>airport</name>
		<pose>Unspecified</pose>
		<truncated>0</truncated>
		<difficult>0</difficult>
		<bndbox>
			<xmin>144</xmin>
			<ymin>346</ymin>
			<xmax>262</xmax>
			<ymax>391</ymax>
		</bndbox>
	</object>
</annotation>
