<annotation>
	<folder>red</folder>
	<filename>frame0032.jpg</filename>
	<path>/media/datta/Sri Datta/perception_22/red/frame0032.jpg</path>
	<source>
		<database>Unknown</database>
	</source>
	<size>
		<width>640</width>
		<height>480</height>
		<depth>3</depth>
	</size>
	<segmented>0</segmented>
	<object>
		<name>follow_right</name>
		<pose>Unspecified</pose>
		<truncated>0</truncated>
		<difficult>0</difficult>
		<bndbox>
			<xmin>192</xmin>
			<ymin>303</ymin>
			<xmax>320</xmax>
			<ymax>442</ymax>
		</bndbox>
	</object>
	<object>
		<name>junction</name>
		<pose>Unspecified</pose>
		<truncated>0</truncated>
		<difficult>0</difficult>
		<bndbox>
			<xmin>83</xmin>
			<ymin>329</ymin>
			<xmax>191</xmax>
			<ymax>453</ymax>
		</bndbox>
	</object>
</annotation>
