<annotation>
	<folder>red</folder>
	<filename>frame0095.jpg</filename>
	<path>/media/datta/Sri Datta/perception_22/red/frame0095.jpg</path>
	<source>
		<database>Unknown</database>
	</source>
	<size>
		<width>640</width>
		<height>480</height>
		<depth>3</depth>
	</size>
	<segmented>0</segmented>
	<object>
		<name>roundabout_warning</name>
		<pose>Unspecified</pose>
		<truncated>0</truncated>
		<difficult>0</difficult>
		<bndbox>
			<xmin>337</xmin>
			<ymin>192</ymin>
			<xmax>420</xmax>
			<ymax>271</ymax>
		</bndbox>
	</object>
	<object>
		<name>co_parking</name>
		<pose>Unspecified</pose>
		<truncated>0</truncated>
		<difficult>0</difficult>
		<bndbox>
			<xmin>238</xmin>
			<ymin>294</ymin>
			<xmax>326</xmax>
			<ymax>374</ymax>
		</bndbox>
	</object>
	<object>
		<name>road_narrows_left</name>
		<pose>Unspecified</pose>
		<truncated>0</truncated>
		<difficult>0</difficult>
		<bndbox>
			<xmin>228</xmin>
			<ymin>173</ymin>
			<xmax>305</xmax>
			<ymax>244</ymax>
		</bndbox>
	</object>
</annotation>
