<annotation>
	<folder>red</folder>
	<filename>frame0225.jpg</filename>
	<path>/media/datta/Sri Datta/perception_22/red/frame0225.jpg</path>
	<source>
		<database>Unknown</database>
	</source>
	<size>
		<width>640</width>
		<height>480</height>
		<depth>3</depth>
	</size>
	<segmented>0</segmented>
	<object>
		<name>follow_right</name>
		<pose>Unspecified</pose>
		<truncated>0</truncated>
		<difficult>0</difficult>
		<bndbox>
			<xmin>157</xmin>
			<ymin>244</ymin>
			<xmax>227</xmax>
			<ymax>312</ymax>
		</bndbox>
	</object>
	<object>
		<name>stop</name>
		<pose>Unspecified</pose>
		<truncated>0</truncated>
		<difficult>0</difficult>
		<bndbox>
			<xmin>233</xmin>
			<ymin>341</ymin>
			<xmax>298</xmax>
			<ymax>408</ymax>
		</bndbox>
	</object>
	<object>
		<name>junction</name>
		<pose>Unspecified</pose>
		<truncated>0</truncated>
		<difficult>0</difficult>
		<bndbox>
			<xmin>94</xmin>
			<ymin>259</ymin>
			<xmax>154</xmax>
			<ymax>318</ymax>
		</bndbox>
	</object>
	<object>
		<name>residential</name>
		<pose>Unspecified</pose>
		<truncated>0</truncated>
		<difficult>0</difficult>
		<bndbox>
			<xmin>129</xmin>
			<ymin>318</ymin>
			<xmax>233</xmax>
			<ymax>394</ymax>
		</bndbox>
	</object>
</annotation>
