<annotation>
	<folder>red</folder>
	<filename>frame0029.jpg</filename>
	<path>/media/datta/Sri Datta/perception_22/red/frame0029.jpg</path>
	<source>
		<database>Unknown</database>
	</source>
	<size>
		<width>640</width>
		<height>480</height>
		<depth>3</depth>
	</size>
	<segmented>0</segmented>
	<object>
		<name>airport</name>
		<pose>Unspecified</pose>
		<truncated>0</truncated>
		<difficult>0</difficult>
		<bndbox>
			<xmin>297</xmin>
			<ymin>186</ymin>
			<xmax>518</xmax>
			<ymax>322</ymax>
		</bndbox>
	</object>
	<object>
		<name>no_heavy_truck</name>
		<pose>Unspecified</pose>
		<truncated>0</truncated>
		<difficult>0</difficult>
		<bndbox>
			<xmin>44</xmin>
			<ymin>177</ymin>
			<xmax>299</xmax>
			<ymax>374</ymax>
		</bndbox>
	</object>
</annotation>
