<annotation>
	<folder>red</folder>
	<filename>frame0196.jpg</filename>
	<path>/media/datta/Sri Datta/perception_22/red/frame0196.jpg</path>
	<source>
		<database>Unknown</database>
	</source>
	<size>
		<width>640</width>
		<height>480</height>
		<depth>3</depth>
	</size>
	<segmented>0</segmented>
	<object>
		<name>road_narrows_right</name>
		<pose>Unspecified</pose>
		<truncated>0</truncated>
		<difficult>0</difficult>
		<bndbox>
			<xmin>205</xmin>
			<ymin>126</ymin>
			<xmax>378</xmax>
			<ymax>303</ymax>
		</bndbox>
	</object>
	<object>
		<name>airport</name>
		<pose>Unspecified</pose>
		<truncated>0</truncated>
		<difficult>0</difficult>
		<bndbox>
			<xmin>299</xmin>
			<ymin>316</ymin>
			<xmax>427</xmax>
			<ymax>453</ymax>
		</bndbox>
	</object>
	<object>
		<name>background</name>
		<pose>Unspecified</pose>
		<truncated>0</truncated>
		<difficult>0</difficult>
		<bndbox>
			<xmin>402</xmin>
			<ymin>197</ymin>
			<xmax>478</xmax>
			<ymax>277</ymax>
		</bndbox>
	</object>
</annotation>
