<annotation>
	<folder>red</folder>
	<filename>frame0025.jpg</filename>
	<path>/media/datta/Sri Datta/perception_22/red/frame0025.jpg</path>
	<source>
		<database>Unknown</database>
	</source>
	<size>
		<width>640</width>
		<height>480</height>
		<depth>3</depth>
	</size>
	<segmented>0</segmented>
	<object>
		<name>road_narrows_right</name>
		<pose>Unspecified</pose>
		<truncated>0</truncated>
		<difficult>0</difficult>
		<bndbox>
			<xmin>189</xmin>
			<ymin>209</ymin>
			<xmax>409</xmax>
			<ymax>379</ymax>
		</bndbox>
	</object>
	<object>
		<name>airport</name>
		<pose>Unspecified</pose>
		<truncated>0</truncated>
		<difficult>0</difficult>
		<bndbox>
			<xmin>105</xmin>
			<ymin>400</ymin>
			<xmax>278</xmax>
			<ymax>475</ymax>
		</bndbox>
	</object>
</annotation>
