<annotation>
	<folder>red</folder>
	<filename>frame0092.jpg</filename>
	<path>/media/datta/Sri Datta/perception_22/red/frame0092.jpg</path>
	<source>
		<database>Unknown</database>
	</source>
	<size>
		<width>640</width>
		<height>480</height>
		<depth>3</depth>
	</size>
	<segmented>0</segmented>
	<object>
		<name>road_narrows_left</name>
		<pose>Unspecified</pose>
		<truncated>0</truncated>
		<difficult>0</difficult>
		<bndbox>
			<xmin>313</xmin>
			<ymin>174</ymin>
			<xmax>373</xmax>
			<ymax>233</ymax>
		</bndbox>
	</object>
	<object>
		<name>roundabout_warning</name>
		<pose>Unspecified</pose>
		<truncated>0</truncated>
		<difficult>0</difficult>
		<bndbox>
			<xmin>408</xmin>
			<ymin>183</ymin>
			<xmax>483</xmax>
			<ymax>253</ymax>
		</bndbox>
	</object>
	<object>
		<name>co_parking</name>
		<pose>Unspecified</pose>
		<truncated>0</truncated>
		<difficult>0</difficult>
		<bndbox>
			<xmin>324</xmin>
			<ymin>277</ymin>
			<xmax>402</xmax>
			<ymax>353</ymax>
		</bndbox>
	</object>
</annotation>
