<annotation>
	<folder>red</folder>
	<filename>frame0098.jpg</filename>
	<path>/media/datta/Sri Datta/perception_22/red/frame0098.jpg</path>
	<source>
		<database>Unknown</database>
	</source>
	<size>
		<width>640</width>
		<height>480</height>
		<depth>3</depth>
	</size>
	<segmented>0</segmented>
	<object>
		<name>roundabout_warning</name>
		<pose>Unspecified</pose>
		<truncated>0</truncated>
		<difficult>0</difficult>
		<bndbox>
			<xmin>302</xmin>
			<ymin>192</ymin>
			<xmax>366</xmax>
			<ymax>259</ymax>
		</bndbox>
	</object>
	<object>
		<name>co_parking</name>
		<pose>Unspecified</pose>
		<truncated>0</truncated>
		<difficult>0</difficult>
		<bndbox>
			<xmin>218</xmin>
			<ymin>272</ymin>
			<xmax>296</xmax>
			<ymax>353</ymax>
		</bndbox>
	</object>
	<object>
		<name>road_narrows_left</name>
		<pose>Unspecified</pose>
		<truncated>0</truncated>
		<difficult>0</difficult>
		<bndbox>
			<xmin>216</xmin>
			<ymin>183</ymin>
			<xmax>274</xmax>
			<ymax>231</ymax>
		</bndbox>
	</object>
</annotation>
