<annotation>
	<folder>red</folder>
	<filename>frame0214.jpg</filename>
	<path>/media/datta/Sri Datta/perception_22/red/frame0214.jpg</path>
	<source>
		<database>Unknown</database>
	</source>
	<size>
		<width>640</width>
		<height>480</height>
		<depth>3</depth>
	</size>
	<segmented>0</segmented>
	<object>
		<name>road_narrows_right</name>
		<pose>Unspecified</pose>
		<truncated>0</truncated>
		<difficult>0</difficult>
		<bndbox>
			<xmin>14</xmin>
			<ymin>138</ymin>
			<xmax>193</xmax>
			<ymax>305</ymax>
		</bndbox>
	</object>
	<object>
		<name>no_stop_and_parking</name>
		<pose>Unspecified</pose>
		<truncated>0</truncated>
		<difficult>0</difficult>
		<bndbox>
			<xmin>317</xmin>
			<ymin>11</ymin>
			<xmax>409</xmax>
			<ymax>127</ymax>
		</bndbox>
	</object>
</annotation>
