<annotation>
	<folder>red</folder>
	<filename>frame0133.jpg</filename>
	<path>/media/datta/Sri Datta/perception_22/red/frame0133.jpg</path>
	<source>
		<database>Unknown</database>
	</source>
	<size>
		<width>640</width>
		<height>480</height>
		<depth>3</depth>
	</size>
	<segmented>0</segmented>
	<object>
		<name>co_parking</name>
		<pose>Unspecified</pose>
		<truncated>0</truncated>
		<difficult>0</difficult>
		<bndbox>
			<xmin>209</xmin>
			<ymin>251</ymin>
			<xmax>352</xmax>
			<ymax>375</ymax>
		</bndbox>
	</object>
	<object>
		<name>roundabout_warning</name>
		<pose>Unspecified</pose>
		<truncated>0</truncated>
		<difficult>0</difficult>
		<bndbox>
			<xmin>381</xmin>
			<ymin>108</ymin>
			<xmax>512</xmax>
			<ymax>235</ymax>
		</bndbox>
	</object>
</annotation>
