<annotation>
	<folder>red</folder>
	<filename>frame0139.jpg</filename>
	<path>/media/datta/Sri Datta/perception_22/red/frame0139.jpg</path>
	<source>
		<database>Unknown</database>
	</source>
	<size>
		<width>640</width>
		<height>480</height>
		<depth>3</depth>
	</size>
	<segmented>0</segmented>
	<object>
		<name>roundabout_warning</name>
		<pose>Unspecified</pose>
		<truncated>0</truncated>
		<difficult>0</difficult>
		<bndbox>
			<xmin>331</xmin>
			<ymin>301</ymin>
			<xmax>431</xmax>
			<ymax>403</ymax>
		</bndbox>
	</object>
	<object>
		<name>road_narrows_left</name>
		<pose>Unspecified</pose>
		<truncated>0</truncated>
		<difficult>0</difficult>
		<bndbox>
			<xmin>209</xmin>
			<ymin>286</ymin>
			<xmax>295</xmax>
			<ymax>366</ymax>
		</bndbox>
	</object>
	<object>
		<name>no_stop_and_parking</name>
		<pose>Unspecified</pose>
		<truncated>0</truncated>
		<difficult>0</difficult>
		<bndbox>
			<xmin>170</xmin>
			<ymin>122</ymin>
			<xmax>359</xmax>
			<ymax>228</ymax>
		</bndbox>
	</object>
</annotation>
