<annotation>
	<folder>red</folder>
	<filename>frame0087.jpg</filename>
	<path>/media/datta/Sri Datta/perception_22/red/frame0087.jpg</path>
	<source>
		<database>Unknown</database>
	</source>
	<size>
		<width>640</width>
		<height>480</height>
		<depth>3</depth>
	</size>
	<segmented>0</segmented>
	<object>
		<name>co_parking</name>
		<pose>Unspecified</pose>
		<truncated>0</truncated>
		<difficult>0</difficult>
		<bndbox>
			<xmin>320</xmin>
			<ymin>68</ymin>
			<xmax>415</xmax>
			<ymax>164</ymax>
		</bndbox>
	</object>
</annotation>
