<annotation>
	<folder>red</folder>
	<filename>frame0220.jpg</filename>
	<path>/media/datta/Sri Datta/perception_22/red/frame0220.jpg</path>
	<source>
		<database>Unknown</database>
	</source>
	<size>
		<width>640</width>
		<height>480</height>
		<depth>3</depth>
	</size>
	<segmented>0</segmented>
	<object>
		<name>co_parking</name>
		<pose>Unspecified</pose>
		<truncated>0</truncated>
		<difficult>0</difficult>
		<bndbox>
			<xmin>316</xmin>
			<ymin>264</ymin>
			<xmax>365</xmax>
			<ymax>314</ymax>
		</bndbox>
	</object>
	<object>
		<name>follow_left</name>
		<pose>Unspecified</pose>
		<truncated>0</truncated>
		<difficult>0</difficult>
		<bndbox>
			<xmin>349</xmin>
			<ymin>12</ymin>
			<xmax>465</xmax>
			<ymax>111</ymax>
		</bndbox>
	</object>
</annotation>
