<annotation>
	<folder>red</folder>
	<filename>frame0269.jpg</filename>
	<path>/media/datta/Sri Datta/perception_22/red/frame0269.jpg</path>
	<source>
		<database>Unknown</database>
	</source>
	<size>
		<width>640</width>
		<height>480</height>
		<depth>3</depth>
	</size>
	<segmented>0</segmented>
	<object>
		<name>roundabout_warning</name>
		<pose>Unspecified</pose>
		<truncated>0</truncated>
		<difficult>0</difficult>
		<bndbox>
			<xmin>331</xmin>
			<ymin>253</ymin>
			<xmax>393</xmax>
			<ymax>313</ymax>
		</bndbox>
	</object>
	<object>
		<name>curve_left</name>
		<pose>Unspecified</pose>
		<truncated>0</truncated>
		<difficult>0</difficult>
		<bndbox>
			<xmin>334</xmin>
			<ymin>51</ymin>
			<xmax>396</xmax>
			<ymax>125</ymax>
		</bndbox>
	</object>
</annotation>
