<annotation>
	<folder>red</folder>
	<filename>frame0166.jpg</filename>
	<path>/media/datta/Sri Datta/perception_22/red/frame0166.jpg</path>
	<source>
		<database>Unknown</database>
	</source>
	<size>
		<width>640</width>
		<height>480</height>
		<depth>3</depth>
	</size>
	<segmented>0</segmented>
	<object>
		<name>no_heavy_truck</name>
		<pose>Unspecified</pose>
		<truncated>1</truncated>
		<difficult>0</difficult>
		<bndbox>
			<xmin>53</xmin>
			<ymin>309</ymin>
			<xmax>267</xmax>
			<ymax>480</ymax>
		</bndbox>
	</object>
</annotation>
