<annotation>
	<folder>red</folder>
	<filename>frame0081.jpg</filename>
	<path>/media/datta/Sri Datta/perception_22/red/frame0081.jpg</path>
	<source>
		<database>Unknown</database>
	</source>
	<size>
		<width>640</width>
		<height>480</height>
		<depth>3</depth>
	</size>
	<segmented>0</segmented>
	<object>
		<name>stop</name>
		<pose>Unspecified</pose>
		<truncated>0</truncated>
		<difficult>0</difficult>
		<bndbox>
			<xmin>332</xmin>
			<ymin>231</ymin>
			<xmax>508</xmax>
			<ymax>381</ymax>
		</bndbox>
	</object>
</annotation>
