<annotation>
	<folder>red</folder>
	<filename>frame0083.jpg</filename>
	<path>/media/datta/Sri Datta/perception_22/red/frame0083.jpg</path>
	<source>
		<database>Unknown</database>
	</source>
	<size>
		<width>640</width>
		<height>480</height>
		<depth>3</depth>
	</size>
	<segmented>0</segmented>
	<object>
		<name>stop</name>
		<pose>Unspecified</pose>
		<truncated>0</truncated>
		<difficult>0</difficult>
		<bndbox>
			<xmin>344</xmin>
			<ymin>122</ymin>
			<xmax>489</xmax>
			<ymax>261</ymax>
		</bndbox>
	</object>
</annotation>
