<annotation>
	<folder>red</folder>
	<filename>frame0072.jpg</filename>
	<path>/media/datta/Sri Datta/perception_22/red/frame0072.jpg</path>
	<source>
		<database>Unknown</database>
	</source>
	<size>
		<width>640</width>
		<height>480</height>
		<depth>3</depth>
	</size>
	<segmented>0</segmented>
	<object>
		<name>curve_left</name>
		<pose>Unspecified</pose>
		<truncated>0</truncated>
		<difficult>0</difficult>
		<bndbox>
			<xmin>240</xmin>
			<ymin>158</ymin>
			<xmax>357</xmax>
			<ymax>252</ymax>
		</bndbox>
	</object>
	<object>
		<name>stop</name>
		<pose>Unspecified</pose>
		<truncated>0</truncated>
		<difficult>0</difficult>
		<bndbox>
			<xmin>262</xmin>
			<ymin>257</ymin>
			<xmax>357</xmax>
			<ymax>321</ymax>
		</bndbox>
	</object>
	<object>
		<name>co_parking</name>
		<pose>Unspecified</pose>
		<truncated>0</truncated>
		<difficult>0</difficult>
		<bndbox>
			<xmin>432</xmin>
			<ymin>212</ymin>
			<xmax>515</xmax>
			<ymax>282</ymax>
		</bndbox>
	</object>
</annotation>
