<annotation>
	<folder>red</folder>
	<filename>frame0071.jpg</filename>
	<path>/media/datta/Sri Datta/perception_22/red/frame0071.jpg</path>
	<source>
		<database>Unknown</database>
	</source>
	<size>
		<width>640</width>
		<height>480</height>
		<depth>3</depth>
	</size>
	<segmented>0</segmented>
	<object>
		<name>stop</name>
		<pose>Unspecified</pose>
		<truncated>0</truncated>
		<difficult>0</difficult>
		<bndbox>
			<xmin>287</xmin>
			<ymin>237</ymin>
			<xmax>370</xmax>
			<ymax>308</ymax>
		</bndbox>
	</object>
</annotation>
