<annotation>
	<folder>red</folder>
	<filename>frame0177.jpg</filename>
	<path>/media/datta/Sri Datta/perception_22/red/frame0177.jpg</path>
	<source>
		<database>Unknown</database>
	</source>
	<size>
		<width>640</width>
		<height>480</height>
		<depth>3</depth>
	</size>
	<segmented>0</segmented>
	<object>
		<name>airport</name>
		<pose>Unspecified</pose>
		<truncated>0</truncated>
		<difficult>0</difficult>
		<bndbox>
			<xmin>217</xmin>
			<ymin>311</ymin>
			<xmax>331</xmax>
			<ymax>423</ymax>
		</bndbox>
	</object>
	<object>
		<name>no_bicycle</name>
		<pose>Unspecified</pose>
		<truncated>0</truncated>
		<difficult>0</difficult>
		<bndbox>
			<xmin>422</xmin>
			<ymin>357</ymin>
			<xmax>525</xmax>
			<ymax>472</ymax>
		</bndbox>
	</object>
</annotation>
