<annotation>
	<folder>red</folder>
	<filename>frame0020.jpg</filename>
	<path>/media/datta/Sri Datta/perception_22/red/frame0020.jpg</path>
	<source>
		<database>Unknown</database>
	</source>
	<size>
		<width>640</width>
		<height>480</height>
		<depth>3</depth>
	</size>
	<segmented>0</segmented>
	<object>
		<name>road_narrows_right</name>
		<pose>Unspecified</pose>
		<truncated>0</truncated>
		<difficult>0</difficult>
		<bndbox>
			<xmin>167</xmin>
			<ymin>230</ymin>
			<xmax>337</xmax>
			<ymax>329</ymax>
		</bndbox>
	</object>
	<object>
		<name>airport</name>
		<pose>Unspecified</pose>
		<truncated>0</truncated>
		<difficult>0</difficult>
		<bndbox>
			<xmin>120</xmin>
			<ymin>332</ymin>
			<xmax>243</xmax>
			<ymax>373</ymax>
		</bndbox>
	</object>
	<object>
		<name>follow_left</name>
		<pose>Unspecified</pose>
		<truncated>0</truncated>
		<difficult>0</difficult>
		<bndbox>
			<xmin>449</xmin>
			<ymin>253</ymin>
			<xmax>548</xmax>
			<ymax>335</ymax>
		</bndbox>
	</object>
</annotation>
