<annotation>
	<folder>red</folder>
	<filename>frame0000.jpg</filename>
	<path>/media/datta/Sri Datta/perception_22/red/frame0000.jpg</path>
	<source>
		<database>Unknown</database>
	</source>
	<size>
		<width>640</width>
		<height>480</height>
		<depth>3</depth>
	</size>
	<segmented>0</segmented>
	<object>
		<name>no_bicycle</name>
		<pose>Unspecified</pose>
		<truncated>0</truncated>
		<difficult>0</difficult>
		<bndbox>
			<xmin>191</xmin>
			<ymin>327</ymin>
			<xmax>266</xmax>
			<ymax>411</ymax>
		</bndbox>
	</object>
	<object>
		<name>curve_left</name>
		<pose>Unspecified</pose>
		<truncated>0</truncated>
		<difficult>0</difficult>
		<bndbox>
			<xmin>178</xmin>
			<ymin>410</ymin>
			<xmax>248</xmax>
			<ymax>478</ymax>
		</bndbox>
	</object>
	<object>
		<name>follow_right</name>
		<pose>Unspecified</pose>
		<truncated>0</truncated>
		<difficult>0</difficult>
		<bndbox>
			<xmin>111</xmin>
			<ymin>338</ymin>
			<xmax>193</xmax>
			<ymax>420</ymax>
		</bndbox>
	</object>
	<object>
		<name>junction</name>
		<pose>Unspecified</pose>
		<truncated>0</truncated>
		<difficult>0</difficult>
		<bndbox>
			<xmin>27</xmin>
			<ymin>348</ymin>
			<xmax>109</xmax>
			<ymax>422</ymax>
		</bndbox>
	</object>
	<object>
		<name>roundabout_warning</name>
		<pose>Unspecified</pose>
		<truncated>0</truncated>
		<difficult>0</difficult>
		<bndbox>
			<xmin>383</xmin>
			<ymin>381</ymin>
			<xmax>429</xmax>
			<ymax>442</ymax>
		</bndbox>
	</object>
	<object>
		<name>background</name>
		<pose>Unspecified</pose>
		<truncated>0</truncated>
		<difficult>0</difficult>
		<bndbox>
			<xmin>376</xmin>
			<ymin>183</ymin>
			<xmax>419</xmax>
			<ymax>222</ymax>
		</bndbox>
	</object>
	<object>
		<name>background</name>
		<pose>Unspecified</pose>
		<truncated>0</truncated>
		<difficult>0</difficult>
		<bndbox>
			<xmin>333</xmin>
			<ymin>44</ymin>
			<xmax>368</xmax>
			<ymax>106</ymax>
		</bndbox>
	</object>
	<object>
		<name>background</name>
		<pose>Unspecified</pose>
		<truncated>0</truncated>
		<difficult>0</difficult>
		<bndbox>
			<xmin>296</xmin>
			<ymin>407</ymin>
			<xmax>315</xmax>
			<ymax>439</ymax>
		</bndbox>
	</object>
</annotation>
