<annotation>
	<folder>whiteBackground</folder>
	<filename>white0089.jpg</filename>
	<path>/media/datta/Sri Datta/perception_22/whiteBackground/white0089.jpg</path>
	<source>
		<database>Unknown</database>
	</source>
	<size>
		<width>640</width>
		<height>480</height>
		<depth>3</depth>
	</size>
	<segmented>0</segmented>
	<object>
		<name>follow_right</name>
		<pose>Unspecified</pose>
		<truncated>0</truncated>
		<difficult>0</difficult>
		<bndbox>
			<xmin>386</xmin>
			<ymin>189</ymin>
			<xmax>453</xmax>
			<ymax>260</ymax>
		</bndbox>
	</object>
	<object>
		<name>airport</name>
		<pose>Unspecified</pose>
		<truncated>0</truncated>
		<difficult>0</difficult>
		<bndbox>
			<xmin>509</xmin>
			<ymin>185</ymin>
			<xmax>570</xmax>
			<ymax>234</ymax>
		</bndbox>
	</object>
	<object>
		<name>curve_left</name>
		<pose>Unspecified</pose>
		<truncated>1</truncated>
		<difficult>0</difficult>
		<bndbox>
			<xmin>592</xmin>
			<ymin>184</ymin>
			<xmax>640</xmax>
			<ymax>238</ymax>
		</bndbox>
	</object>
	<object>
		<name>junction</name>
		<pose>Unspecified</pose>
		<truncated>0</truncated>
		<difficult>0</difficult>
		<bndbox>
			<xmin>286</xmin>
			<ymin>206</ymin>
			<xmax>348</xmax>
			<ymax>264</ymax>
		</bndbox>
	</object>
</annotation>
