<annotation>
	<folder>whiteBackground</folder>
	<filename>white0584.jpg</filename>
	<path>/media/datta/Sri Datta/perception_22/whiteBackground/white0584.jpg</path>
	<source>
		<database>Unknown</database>
	</source>
	<size>
		<width>640</width>
		<height>480</height>
		<depth>3</depth>
	</size>
	<segmented>0</segmented>
	<object>
		<name>no_heavy_truck</name>
		<pose>Unspecified</pose>
		<truncated>0</truncated>
		<difficult>0</difficult>
		<bndbox>
			<xmin>273</xmin>
			<ymin>183</ymin>
			<xmax>425</xmax>
			<ymax>337</ymax>
		</bndbox>
	</object>
	<object>
		<name>no_bicycle</name>
		<pose>Unspecified</pose>
		<truncated>0</truncated>
		<difficult>0</difficult>
		<bndbox>
			<xmin>467</xmin>
			<ymin>193</ymin>
			<xmax>619</xmax>
			<ymax>347</ymax>
		</bndbox>
	</object>
	<object>
		<name>road_narrows_right</name>
		<pose>Unspecified</pose>
		<truncated>0</truncated>
		<difficult>0</difficult>
		<bndbox>
			<xmin>112</xmin>
			<ymin>193</ymin>
			<xmax>260</xmax>
			<ymax>331</ymax>
		</bndbox>
	</object>
</annotation>
