<annotation>
	<folder>whiteBackground</folder>
	<filename>white0082.jpg</filename>
	<path>/media/datta/Sri Datta/perception_22/whiteBackground/white0082.jpg</path>
	<source>
		<database>Unknown</database>
	</source>
	<size>
		<width>640</width>
		<height>480</height>
		<depth>3</depth>
	</size>
	<segmented>0</segmented>
	<object>
		<name>curve_left</name>
		<pose>Unspecified</pose>
		<truncated>0</truncated>
		<difficult>0</difficult>
		<bndbox>
			<xmin>259</xmin>
			<ymin>198</ymin>
			<xmax>331</xmax>
			<ymax>264</ymax>
		</bndbox>
	</object>
</annotation>
