<annotation>
	<folder>whiteBackground</folder>
	<filename>white0616.jpg</filename>
	<path>/media/datta/Sri Datta/perception_22/whiteBackground/white0616.jpg</path>
	<source>
		<database>Unknown</database>
	</source>
	<size>
		<width>640</width>
		<height>480</height>
		<depth>3</depth>
	</size>
	<segmented>0</segmented>
	<object>
		<name>no_bicycle</name>
		<pose>Unspecified</pose>
		<truncated>0</truncated>
		<difficult>0</difficult>
		<bndbox>
			<xmin>180</xmin>
			<ymin>209</ymin>
			<xmax>270</xmax>
			<ymax>317</ymax>
		</bndbox>
	</object>
	<object>
		<name>no_heavy_truck</name>
		<pose>Unspecified</pose>
		<truncated>0</truncated>
		<difficult>0</difficult>
		<bndbox>
			<xmin>119</xmin>
			<ymin>218</ymin>
			<xmax>174</xmax>
			<ymax>307</ymax>
		</bndbox>
	</object>
</annotation>
