<annotation>
	<folder>whiteBackground</folder>
	<filename>white0481.jpg</filename>
	<path>/media/datta/Sri Datta/perception_22/whiteBackground/white0481.jpg</path>
	<source>
		<database>Unknown</database>
	</source>
	<size>
		<width>640</width>
		<height>480</height>
		<depth>3</depth>
	</size>
	<segmented>0</segmented>
	<object>
		<name>road_narrows_right</name>
		<pose>Unspecified</pose>
		<truncated>0</truncated>
		<difficult>0</difficult>
		<bndbox>
			<xmin>42</xmin>
			<ymin>187</ymin>
			<xmax>194</xmax>
			<ymax>317</ymax>
		</bndbox>
	</object>
	<object>
		<name>no_heavy_truck</name>
		<pose>Unspecified</pose>
		<truncated>0</truncated>
		<difficult>0</difficult>
		<bndbox>
			<xmin>209</xmin>
			<ymin>184</ymin>
			<xmax>339</xmax>
			<ymax>307</ymax>
		</bndbox>
	</object>
	<object>
		<name>no_bicycle</name>
		<pose>Unspecified</pose>
		<truncated>0</truncated>
		<difficult>0</difficult>
		<bndbox>
			<xmin>362</xmin>
			<ymin>196</ymin>
			<xmax>471</xmax>
			<ymax>307</ymax>
		</bndbox>
	</object>
</annotation>
