<annotation>
	<folder>whiteBackground</folder>
	<filename>white0588.jpg</filename>
	<path>/media/datta/Sri Datta/perception_22/whiteBackground/white0588.jpg</path>
	<source>
		<database>Unknown</database>
	</source>
	<size>
		<width>640</width>
		<height>480</height>
		<depth>3</depth>
	</size>
	<segmented>0</segmented>
	<object>
		<name>road_narrows_right</name>
		<pose>Unspecified</pose>
		<truncated>0</truncated>
		<difficult>0</difficult>
		<bndbox>
			<xmin>349</xmin>
			<ymin>219</ymin>
			<xmax>470</xmax>
			<ymax>339</ymax>
		</bndbox>
	</object>
	<object>
		<name>follow_left</name>
		<pose>Unspecified</pose>
		<truncated>0</truncated>
		<difficult>0</difficult>
		<bndbox>
			<xmin>220</xmin>
			<ymin>226</ymin>
			<xmax>339</xmax>
			<ymax>349</ymax>
		</bndbox>
	</object>
	<object>
		<name>curve_right</name>
		<pose>Unspecified</pose>
		<truncated>0</truncated>
		<difficult>0</difficult>
		<bndbox>
			<xmin>5</xmin>
			<ymin>228</ymin>
			<xmax>153</xmax>
			<ymax>356</ymax>
		</bndbox>
	</object>
</annotation>
