<annotation>
	<folder>whiteBackground</folder>
	<filename>white0039.jpg</filename>
	<path>/media/datta/Sri Datta/perception_22/whiteBackground/white0039.jpg</path>
	<source>
		<database>Unknown</database>
	</source>
	<size>
		<width>640</width>
		<height>480</height>
		<depth>3</depth>
	</size>
	<segmented>0</segmented>
	<object>
		<name>junction</name>
		<pose>Unspecified</pose>
		<truncated>0</truncated>
		<difficult>0</difficult>
		<bndbox>
			<xmin>336</xmin>
			<ymin>267</ymin>
			<xmax>384</xmax>
			<ymax>313</ymax>
		</bndbox>
	</object>
	<object>
		<name>follow_right</name>
		<pose>Unspecified</pose>
		<truncated>0</truncated>
		<difficult>0</difficult>
		<bndbox>
			<xmin>414</xmin>
			<ymin>271</ymin>
			<xmax>465</xmax>
			<ymax>326</ymax>
		</bndbox>
	</object>
	<object>
		<name>airport</name>
		<pose>Unspecified</pose>
		<truncated>0</truncated>
		<difficult>0</difficult>
		<bndbox>
			<xmin>505</xmin>
			<ymin>279</ymin>
			<xmax>551</xmax>
			<ymax>318</ymax>
		</bndbox>
	</object>
	<object>
		<name>curve_left</name>
		<pose>Unspecified</pose>
		<truncated>0</truncated>
		<difficult>0</difficult>
		<bndbox>
			<xmin>566</xmin>
			<ymin>286</ymin>
			<xmax>604</xmax>
			<ymax>325</ymax>
		</bndbox>
	</object>
</annotation>
