<annotation>
	<folder>whiteBackground</folder>
	<filename>white0437.jpg</filename>
	<path>/media/datta/Sri Datta/perception_22/whiteBackground/white0437.jpg</path>
	<source>
		<database>Unknown</database>
	</source>
	<size>
		<width>640</width>
		<height>480</height>
		<depth>3</depth>
	</size>
	<segmented>0</segmented>
	<object>
		<name>road_narrows_left</name>
		<pose>Unspecified</pose>
		<truncated>0</truncated>
		<difficult>0</difficult>
		<bndbox>
			<xmin>272</xmin>
			<ymin>242</ymin>
			<xmax>346</xmax>
			<ymax>309</ymax>
		</bndbox>
	</object>
	<object>
		<name>roundabout_warning</name>
		<pose>Unspecified</pose>
		<truncated>0</truncated>
		<difficult>0</difficult>
		<bndbox>
			<xmin>381</xmin>
			<ymin>245</ymin>
			<xmax>466</xmax>
			<ymax>325</ymax>
		</bndbox>
	</object>
	<object>
		<name>curve_left</name>
		<pose>Unspecified</pose>
		<truncated>0</truncated>
		<difficult>0</difficult>
		<bndbox>
			<xmin>157</xmin>
			<ymin>229</ymin>
			<xmax>236</xmax>
			<ymax>295</ymax>
		</bndbox>
	</object>
</annotation>
