<annotation>
	<folder>whiteBackground</folder>
	<filename>white0428.jpg</filename>
	<path>/media/datta/Sri Datta/perception_22/whiteBackground/white0428.jpg</path>
	<source>
		<database>Unknown</database>
	</source>
	<size>
		<width>640</width>
		<height>480</height>
		<depth>3</depth>
	</size>
	<segmented>0</segmented>
	<object>
		<name>junction</name>
		<pose>Unspecified</pose>
		<truncated>0</truncated>
		<difficult>0</difficult>
		<bndbox>
			<xmin>412</xmin>
			<ymin>270</ymin>
			<xmax>445</xmax>
			<ymax>309</ymax>
		</bndbox>
	</object>
	<object>
		<name>follow_right</name>
		<pose>Unspecified</pose>
		<truncated>0</truncated>
		<difficult>0</difficult>
		<bndbox>
			<xmin>470</xmin>
			<ymin>287</ymin>
			<xmax>512</xmax>
			<ymax>332</ymax>
		</bndbox>
	</object>
	<object>
		<name>airport</name>
		<pose>Unspecified</pose>
		<truncated>0</truncated>
		<difficult>0</difficult>
		<bndbox>
			<xmin>539</xmin>
			<ymin>310</ymin>
			<xmax>584</xmax>
			<ymax>350</ymax>
		</bndbox>
	</object>
</annotation>
