<annotation>
	<folder>whiteBackground</folder>
	<filename>white0567.jpg</filename>
	<path>/media/datta/Sri Datta/perception_22/whiteBackground/white0567.jpg</path>
	<source>
		<database>Unknown</database>
	</source>
	<size>
		<width>640</width>
		<height>480</height>
		<depth>3</depth>
	</size>
	<segmented>0</segmented>
	<object>
		<name>no_bicycle</name>
		<pose>Unspecified</pose>
		<truncated>0</truncated>
		<difficult>0</difficult>
		<bndbox>
			<xmin>351</xmin>
			<ymin>335</ymin>
			<xmax>429</xmax>
			<ymax>391</ymax>
		</bndbox>
	</object>
	<object>
		<name>no_heavy_truck</name>
		<pose>Unspecified</pose>
		<truncated>0</truncated>
		<difficult>0</difficult>
		<bndbox>
			<xmin>269</xmin>
			<ymin>322</ymin>
			<xmax>339</xmax>
			<ymax>379</ymax>
		</bndbox>
	</object>
	<object>
		<name>road_narrows_right</name>
		<pose>Unspecified</pose>
		<truncated>0</truncated>
		<difficult>0</difficult>
		<bndbox>
			<xmin>189</xmin>
			<ymin>314</ymin>
			<xmax>262</xmax>
			<ymax>373</ymax>
		</bndbox>
	</object>
	<object>
		<name>follow_left</name>
		<pose>Unspecified</pose>
		<truncated>0</truncated>
		<difficult>0</difficult>
		<bndbox>
			<xmin>121</xmin>
			<ymin>312</ymin>
			<xmax>184</xmax>
			<ymax>360</ymax>
		</bndbox>
	</object>
	<object>
		<name>curve_right</name>
		<pose>Unspecified</pose>
		<truncated>0</truncated>
		<difficult>0</difficult>
		<bndbox>
			<xmin>56</xmin>
			<ymin>305</ymin>
			<xmax>107</xmax>
			<ymax>348</ymax>
		</bndbox>
	</object>
</annotation>
