<annotation>
	<folder>whiteBackground</folder>
	<filename>white0611.jpg</filename>
	<path>/media/datta/Sri Datta/perception_22/whiteBackground/white0611.jpg</path>
	<source>
		<database>Unknown</database>
	</source>
	<size>
		<width>640</width>
		<height>480</height>
		<depth>3</depth>
	</size>
	<segmented>0</segmented>
	<object>
		<name>no_bicycle</name>
		<pose>Unspecified</pose>
		<truncated>0</truncated>
		<difficult>0</difficult>
		<bndbox>
			<xmin>242</xmin>
			<ymin>211</ymin>
			<xmax>375</xmax>
			<ymax>341</ymax>
		</bndbox>
	</object>
	<object>
		<name>no_heavy_truck</name>
		<pose>Unspecified</pose>
		<truncated>0</truncated>
		<difficult>0</difficult>
		<bndbox>
			<xmin>125</xmin>
			<ymin>222</ymin>
			<xmax>224</xmax>
			<ymax>336</ymax>
		</bndbox>
	</object>
</annotation>
