<annotation>
	<folder>whiteBackground</folder>
	<filename>white0426.jpg</filename>
	<path>/media/datta/Sri Datta/perception_22/whiteBackground/white0426.jpg</path>
	<source>
		<database>Unknown</database>
	</source>
	<size>
		<width>640</width>
		<height>480</height>
		<depth>3</depth>
	</size>
	<segmented>0</segmented>
	<object>
		<name>follow_right</name>
		<pose>Unspecified</pose>
		<truncated>0</truncated>
		<difficult>0</difficult>
		<bndbox>
			<xmin>431</xmin>
			<ymin>272</ymin>
			<xmax>469</xmax>
			<ymax>313</ymax>
		</bndbox>
	</object>
	<object>
		<name>airport</name>
		<pose>Unspecified</pose>
		<truncated>0</truncated>
		<difficult>0</difficult>
		<bndbox>
			<xmin>499</xmin>
			<ymin>281</ymin>
			<xmax>534</xmax>
			<ymax>309</ymax>
		</bndbox>
	</object>
	<object>
		<name>junction</name>
		<pose>Unspecified</pose>
		<truncated>0</truncated>
		<difficult>0</difficult>
		<bndbox>
			<xmin>371</xmin>
			<ymin>266</ymin>
			<xmax>411</xmax>
			<ymax>300</ymax>
		</bndbox>
	</object>
</annotation>
