<annotation>
	<folder>whiteBackground</folder>
	<filename>white0073.jpg</filename>
	<path>/media/datta/Sri Datta/perception_22/whiteBackground/white0073.jpg</path>
	<source>
		<database>Unknown</database>
	</source>
	<size>
		<width>640</width>
		<height>480</height>
		<depth>3</depth>
	</size>
	<segmented>0</segmented>
	<object>
		<name>roundabout_warning</name>
		<pose>Unspecified</pose>
		<truncated>0</truncated>
		<difficult>0</difficult>
		<bndbox>
			<xmin>249</xmin>
			<ymin>189</ymin>
			<xmax>336</xmax>
			<ymax>268</ymax>
		</bndbox>
	</object>
</annotation>
