<annotation>
	<folder>whiteBackground</folder>
	<filename>white0478.jpg</filename>
	<path>/media/datta/Sri Datta/perception_22/whiteBackground/white0478.jpg</path>
	<source>
		<database>Unknown</database>
	</source>
	<size>
		<width>640</width>
		<height>480</height>
		<depth>3</depth>
	</size>
	<segmented>0</segmented>
	<object>
		<name>road_narrows_right</name>
		<pose>Unspecified</pose>
		<truncated>0</truncated>
		<difficult>0</difficult>
		<bndbox>
			<xmin>214</xmin>
			<ymin>195</ymin>
			<xmax>331</xmax>
			<ymax>299</ymax>
		</bndbox>
	</object>
	<object>
		<name>no_heavy_truck</name>
		<pose>Unspecified</pose>
		<truncated>0</truncated>
		<difficult>0</difficult>
		<bndbox>
			<xmin>338</xmin>
			<ymin>192</ymin>
			<xmax>429</xmax>
			<ymax>283</ymax>
		</bndbox>
	</object>
</annotation>
