<annotation>
	<folder>whiteBackground</folder>
	<filename>white0084.jpg</filename>
	<path>/media/datta/Sri Datta/perception_22/whiteBackground/white0084.jpg</path>
	<source>
		<database>Unknown</database>
	</source>
	<size>
		<width>640</width>
		<height>480</height>
		<depth>3</depth>
	</size>
	<segmented>0</segmented>
	<object>
		<name>airport</name>
		<pose>Unspecified</pose>
		<truncated>0</truncated>
		<difficult>0</difficult>
		<bndbox>
			<xmin>234</xmin>
			<ymin>206</ymin>
			<xmax>310</xmax>
			<ymax>258</ymax>
		</bndbox>
	</object>
	<object>
		<name>curve_left</name>
		<pose>Unspecified</pose>
		<truncated>0</truncated>
		<difficult>0</difficult>
		<bndbox>
			<xmin>345</xmin>
			<ymin>203</ymin>
			<xmax>404</xmax>
			<ymax>258</ymax>
		</bndbox>
	</object>
	<object>
		<name>road_narrows_left</name>
		<pose>Unspecified</pose>
		<truncated>0</truncated>
		<difficult>0</difficult>
		<bndbox>
			<xmin>432</xmin>
			<ymin>200</ymin>
			<xmax>490</xmax>
			<ymax>247</ymax>
		</bndbox>
	</object>
	<object>
		<name>roundabout_warning</name>
		<pose>Unspecified</pose>
		<truncated>0</truncated>
		<difficult>0</difficult>
		<bndbox>
			<xmin>514</xmin>
			<ymin>188</ymin>
			<xmax>567</xmax>
			<ymax>247</ymax>
		</bndbox>
	</object>
</annotation>
