<annotation>
	<folder>whiteBackground</folder>
	<filename>white0483.jpg</filename>
	<path>/media/datta/Sri Datta/perception_22/whiteBackground/white0483.jpg</path>
	<source>
		<database>Unknown</database>
	</source>
	<size>
		<width>640</width>
		<height>480</height>
		<depth>3</depth>
	</size>
	<segmented>0</segmented>
	<object>
		<name>no_heavy_truck</name>
		<pose>Unspecified</pose>
		<truncated>0</truncated>
		<difficult>0</difficult>
		<bndbox>
			<xmin>125</xmin>
			<ymin>184</ymin>
			<xmax>269</xmax>
			<ymax>321</ymax>
		</bndbox>
	</object>
	<object>
		<name>no_bicycle</name>
		<pose>Unspecified</pose>
		<truncated>0</truncated>
		<difficult>0</difficult>
		<bndbox>
			<xmin>302</xmin>
			<ymin>199</ymin>
			<xmax>425</xmax>
			<ymax>323</ymax>
		</bndbox>
	</object>
</annotation>
