<annotation>
	<folder>whiteBackground</folder>
	<filename>white0405.jpg</filename>
	<path>/media/datta/Sri Datta/perception_22/whiteBackground/white0405.jpg</path>
	<source>
		<database>Unknown</database>
	</source>
	<size>
		<width>640</width>
		<height>480</height>
		<depth>3</depth>
	</size>
	<segmented>0</segmented>
	<object>
		<name>airport</name>
		<pose>Unspecified</pose>
		<truncated>0</truncated>
		<difficult>0</difficult>
		<bndbox>
			<xmin>275</xmin>
			<ymin>240</ymin>
			<xmax>359</xmax>
			<ymax>301</ymax>
		</bndbox>
	</object>
	<object>
		<name>curve_left</name>
		<pose>Unspecified</pose>
		<truncated>0</truncated>
		<difficult>0</difficult>
		<bndbox>
			<xmin>404</xmin>
			<ymin>258</ymin>
			<xmax>508</xmax>
			<ymax>352</ymax>
		</bndbox>
	</object>
	<object>
		<name>follow_right</name>
		<pose>Unspecified</pose>
		<truncated>0</truncated>
		<difficult>0</difficult>
		<bndbox>
			<xmin>173</xmin>
			<ymin>231</ymin>
			<xmax>228</xmax>
			<ymax>289</ymax>
		</bndbox>
	</object>
</annotation>
