<annotation>
	<folder>whiteBackground</folder>
	<filename>white0486.jpg</filename>
	<path>/media/datta/Sri Datta/perception_22/whiteBackground/white0486.jpg</path>
	<source>
		<database>Unknown</database>
	</source>
	<size>
		<width>640</width>
		<height>480</height>
		<depth>3</depth>
	</size>
	<segmented>0</segmented>
	<object>
		<name>no_bicycle</name>
		<pose>Unspecified</pose>
		<truncated>0</truncated>
		<difficult>0</difficult>
		<bndbox>
			<xmin>281</xmin>
			<ymin>320</ymin>
			<xmax>369</xmax>
			<ymax>406</ymax>
		</bndbox>
	</object>
	<object>
		<name>no_heavy_truck</name>
		<pose>Unspecified</pose>
		<truncated>0</truncated>
		<difficult>0</difficult>
		<bndbox>
			<xmin>187</xmin>
			<ymin>309</ymin>
			<xmax>265</xmax>
			<ymax>383</ymax>
		</bndbox>
	</object>
	<object>
		<name>road_narrows_right</name>
		<pose>Unspecified</pose>
		<truncated>0</truncated>
		<difficult>0</difficult>
		<bndbox>
			<xmin>120</xmin>
			<ymin>302</ymin>
			<xmax>188</xmax>
			<ymax>373</ymax>
		</bndbox>
	</object>
	<object>
		<name>follow_right</name>
		<pose>Unspecified</pose>
		<truncated>0</truncated>
		<difficult>0</difficult>
		<bndbox>
			<xmin>68</xmin>
			<ymin>302</ymin>
			<xmax>117</xmax>
			<ymax>355</ymax>
		</bndbox>
	</object>
	<object>
		<name>curve_right</name>
		<pose>Unspecified</pose>
		<truncated>0</truncated>
		<difficult>0</difficult>
		<bndbox>
			<xmin>20</xmin>
			<ymin>300</ymin>
			<xmax>66</xmax>
			<ymax>345</ymax>
		</bndbox>
	</object>
</annotation>
