<annotation>
	<folder>whiteBackground</folder>
	<filename>white0093.jpg</filename>
	<path>/media/datta/Sri Datta/perception_22/whiteBackground/white0093.jpg</path>
	<source>
		<database>Unknown</database>
	</source>
	<size>
		<width>640</width>
		<height>480</height>
		<depth>3</depth>
	</size>
	<segmented>0</segmented>
	<object>
		<name>junction</name>
		<pose>Unspecified</pose>
		<truncated>0</truncated>
		<difficult>0</difficult>
		<bndbox>
			<xmin>392</xmin>
			<ymin>286</ymin>
			<xmax>451</xmax>
			<ymax>340</ymax>
		</bndbox>
	</object>
	<object>
		<name>follow_right</name>
		<pose>Unspecified</pose>
		<truncated>0</truncated>
		<difficult>0</difficult>
		<bndbox>
			<xmin>488</xmin>
			<ymin>283</ymin>
			<xmax>559</xmax>
			<ymax>348</ymax>
		</bndbox>
	</object>
</annotation>
