<annotation>
	<folder>whiteBackground</folder>
	<filename>white0406.jpg</filename>
	<path>/media/datta/Sri Datta/perception_22/whiteBackground/white0406.jpg</path>
	<source>
		<database>Unknown</database>
	</source>
	<size>
		<width>640</width>
		<height>480</height>
		<depth>3</depth>
	</size>
	<segmented>0</segmented>
	<object>
		<name>roundabout_warning</name>
		<pose>Unspecified</pose>
		<truncated>0</truncated>
		<difficult>0</difficult>
		<bndbox>
			<xmin>297</xmin>
			<ymin>328</ymin>
			<xmax>382</xmax>
			<ymax>437</ymax>
		</bndbox>
	</object>
	<object>
		<name>road_narrows_left</name>
		<pose>Unspecified</pose>
		<truncated>0</truncated>
		<difficult>0</difficult>
		<bndbox>
			<xmin>217</xmin>
			<ymin>275</ymin>
			<xmax>269</xmax>
			<ymax>343</ymax>
		</bndbox>
	</object>
	<object>
		<name>curve_left</name>
		<pose>Unspecified</pose>
		<truncated>0</truncated>
		<difficult>0</difficult>
		<bndbox>
			<xmin>163</xmin>
			<ymin>239</ymin>
			<xmax>201</xmax>
			<ymax>289</ymax>
		</bndbox>
	</object>
</annotation>
