<annotation>
	<folder>whiteBackground</folder>
	<filename>white0095.jpg</filename>
	<path>/media/datta/Sri Datta/perception_22/whiteBackground/white0095.jpg</path>
	<source>
		<database>Unknown</database>
	</source>
	<size>
		<width>640</width>
		<height>480</height>
		<depth>3</depth>
	</size>
	<segmented>0</segmented>
	<object>
		<name>follow_right</name>
		<pose>Unspecified</pose>
		<truncated>0</truncated>
		<difficult>0</difficult>
		<bndbox>
			<xmin>459</xmin>
			<ymin>284</ymin>
			<xmax>520</xmax>
			<ymax>338</ymax>
		</bndbox>
	</object>
	<object>
		<name>junction</name>
		<pose>Unspecified</pose>
		<truncated>0</truncated>
		<difficult>0</difficult>
		<bndbox>
			<xmin>377</xmin>
			<ymin>292</ymin>
			<xmax>428</xmax>
			<ymax>334</ymax>
		</bndbox>
	</object>
	<object>
		<name>airport</name>
		<pose>Unspecified</pose>
		<truncated>0</truncated>
		<difficult>0</difficult>
		<bndbox>
			<xmin>564</xmin>
			<ymin>286</ymin>
			<xmax>628</xmax>
			<ymax>324</ymax>
		</bndbox>
	</object>
</annotation>
