<annotation>
	<folder>whiteBackground</folder>
	<filename>white0583.jpg</filename>
	<path>/media/datta/Sri Datta/perception_22/whiteBackground/white0583.jpg</path>
	<source>
		<database>Unknown</database>
	</source>
	<size>
		<width>640</width>
		<height>480</height>
		<depth>3</depth>
	</size>
	<segmented>0</segmented>
	<object>
		<name>no_bicycle</name>
		<pose>Unspecified</pose>
		<truncated>0</truncated>
		<difficult>0</difficult>
		<bndbox>
			<xmin>390</xmin>
			<ymin>190</ymin>
			<xmax>550</xmax>
			<ymax>347</ymax>
		</bndbox>
	</object>
	<object>
		<name>no_heavy_truck</name>
		<pose>Unspecified</pose>
		<truncated>0</truncated>
		<difficult>0</difficult>
		<bndbox>
			<xmin>206</xmin>
			<ymin>182</ymin>
			<xmax>353</xmax>
			<ymax>328</ymax>
		</bndbox>
	</object>
	<object>
		<name>road_narrows_right</name>
		<pose>Unspecified</pose>
		<truncated>0</truncated>
		<difficult>0</difficult>
		<bndbox>
			<xmin>56</xmin>
			<ymin>187</ymin>
			<xmax>198</xmax>
			<ymax>328</ymax>
		</bndbox>
	</object>
</annotation>
