<annotation>
	<folder>whiteBackground</folder>
	<filename>white0088.jpg</filename>
	<path>/media/datta/Sri Datta/perception_22/whiteBackground/white0088.jpg</path>
	<source>
		<database>Unknown</database>
	</source>
	<size>
		<width>640</width>
		<height>480</height>
		<depth>3</depth>
	</size>
	<segmented>0</segmented>
	<object>
		<name>follow_right</name>
		<pose>Unspecified</pose>
		<truncated>0</truncated>
		<difficult>0</difficult>
		<bndbox>
			<xmin>340</xmin>
			<ymin>207</ymin>
			<xmax>406</xmax>
			<ymax>273</ymax>
		</bndbox>
	</object>
	<object>
		<name>airport</name>
		<pose>Unspecified</pose>
		<truncated>0</truncated>
		<difficult>0</difficult>
		<bndbox>
			<xmin>459</xmin>
			<ymin>208</ymin>
			<xmax>520</xmax>
			<ymax>248</ymax>
		</bndbox>
	</object>
	<object>
		<name>junction</name>
		<pose>Unspecified</pose>
		<truncated>0</truncated>
		<difficult>0</difficult>
		<bndbox>
			<xmin>239</xmin>
			<ymin>216</ymin>
			<xmax>305</xmax>
			<ymax>273</ymax>
		</bndbox>
	</object>
</annotation>
