<annotation>
	<folder>whiteBackground</folder>
	<filename>white0629.jpg</filename>
	<path>/media/datta/Sri Datta/perception_22/whiteBackground/white0629.jpg</path>
	<source>
		<database>Unknown</database>
	</source>
	<size>
		<width>640</width>
		<height>480</height>
		<depth>3</depth>
	</size>
	<segmented>0</segmented>
	<object>
		<name>curve_right</name>
		<pose>Unspecified</pose>
		<truncated>0</truncated>
		<difficult>0</difficult>
		<bndbox>
			<xmin>259</xmin>
			<ymin>224</ymin>
			<xmax>329</xmax>
			<ymax>313</ymax>
		</bndbox>
	</object>
</annotation>
