<annotation>
	<folder>whiteBackground</folder>
	<filename>white0400.jpg</filename>
	<path>/media/datta/Sri Datta/perception_22/whiteBackground/white0400.jpg</path>
	<source>
		<database>Unknown</database>
	</source>
	<size>
		<width>640</width>
		<height>480</height>
		<depth>3</depth>
	</size>
	<segmented>0</segmented>
	<object>
		<name>follow_right</name>
		<pose>Unspecified</pose>
		<truncated>0</truncated>
		<difficult>0</difficult>
		<bndbox>
			<xmin>196</xmin>
			<ymin>242</ymin>
			<xmax>263</xmax>
			<ymax>317</ymax>
		</bndbox>
	</object>
	<object>
		<name>airport</name>
		<pose>Unspecified</pose>
		<truncated>0</truncated>
		<difficult>0</difficult>
		<bndbox>
			<xmin>324</xmin>
			<ymin>309</ymin>
			<xmax>440</xmax>
			<ymax>399</ymax>
		</bndbox>
	</object>
</annotation>
