<annotation>
	<folder>whiteBackground</folder>
	<filename>white0135.jpg</filename>
	<path>/media/datta/Sri Datta/perception_22/whiteBackground/white0135.jpg</path>
	<source>
		<database>Unknown</database>
	</source>
	<size>
		<width>640</width>
		<height>480</height>
		<depth>3</depth>
	</size>
	<segmented>0</segmented>
	<object>
		<name>roundabout_warning</name>
		<pose>Unspecified</pose>
		<truncated>0</truncated>
		<difficult>0</difficult>
		<bndbox>
			<xmin>436</xmin>
			<ymin>320</ymin>
			<xmax>464</xmax>
			<ymax>354</ymax>
		</bndbox>
	</object>
	<object>
		<name>curve_left</name>
		<pose>Unspecified</pose>
		<truncated>0</truncated>
		<difficult>0</difficult>
		<bndbox>
			<xmin>354</xmin>
			<ymin>327</ymin>
			<xmax>386</xmax>
			<ymax>361</ymax>
		</bndbox>
	</object>
	<object>
		<name>airport</name>
		<pose>Unspecified</pose>
		<truncated>0</truncated>
		<difficult>0</difficult>
		<bndbox>
			<xmin>298</xmin>
			<ymin>331</ymin>
			<xmax>339</xmax>
			<ymax>355</ymax>
		</bndbox>
	</object>
	<object>
		<name>follow_right</name>
		<pose>Unspecified</pose>
		<truncated>0</truncated>
		<difficult>0</difficult>
		<bndbox>
			<xmin>217</xmin>
			<ymin>335</ymin>
			<xmax>262</xmax>
			<ymax>371</ymax>
		</bndbox>
	</object>
	<object>
		<name>junction</name>
		<pose>Unspecified</pose>
		<truncated>0</truncated>
		<difficult>0</difficult>
		<bndbox>
			<xmin>140</xmin>
			<ymin>343</ymin>
			<xmax>189</xmax>
			<ymax>379</ymax>
		</bndbox>
	</object>
</annotation>
