<annotation>
	<folder>whiteBackground</folder>
	<filename>white0394.jpg</filename>
	<path>/media/datta/Sri Datta/perception_22/whiteBackground/white0394.jpg</path>
	<source>
		<database>Unknown</database>
	</source>
	<size>
		<width>640</width>
		<height>480</height>
		<depth>3</depth>
	</size>
	<segmented>0</segmented>
	<object>
		<name>junction</name>
		<pose>Unspecified</pose>
		<truncated>0</truncated>
		<difficult>0</difficult>
		<bndbox>
			<xmin>109</xmin>
			<ymin>238</ymin>
			<xmax>216</xmax>
			<ymax>339</ymax>
		</bndbox>
	</object>
	<object>
		<name>follow_right</name>
		<pose>Unspecified</pose>
		<truncated>0</truncated>
		<difficult>0</difficult>
		<bndbox>
			<xmin>293</xmin>
			<ymin>214</ymin>
			<xmax>461</xmax>
			<ymax>368</ymax>
		</bndbox>
	</object>
</annotation>
