<annotation>
	<folder>whiteBackground</folder>
	<filename>white0589.jpg</filename>
	<path>/media/datta/Sri Datta/perception_22/whiteBackground/white0589.jpg</path>
	<source>
		<database>Unknown</database>
	</source>
	<size>
		<width>640</width>
		<height>480</height>
		<depth>3</depth>
	</size>
	<segmented>0</segmented>
	<object>
		<name>road_narrows_right</name>
		<pose>Unspecified</pose>
		<truncated>0</truncated>
		<difficult>0</difficult>
		<bndbox>
			<xmin>362</xmin>
			<ymin>226</ymin>
			<xmax>456</xmax>
			<ymax>335</ymax>
		</bndbox>
	</object>
	<object>
		<name>follow_left</name>
		<pose>Unspecified</pose>
		<truncated>0</truncated>
		<difficult>0</difficult>
		<bndbox>
			<xmin>253</xmin>
			<ymin>228</ymin>
			<xmax>358</xmax>
			<ymax>341</ymax>
		</bndbox>
	</object>
	<object>
		<name>curve_right</name>
		<pose>Unspecified</pose>
		<truncated>0</truncated>
		<difficult>0</difficult>
		<bndbox>
			<xmin>18</xmin>
			<ymin>235</ymin>
			<xmax>187</xmax>
			<ymax>361</ymax>
		</bndbox>
	</object>
</annotation>
