<annotation>
	<folder>whiteBackground</folder>
	<filename>white0586.jpg</filename>
	<path>/media/datta/Sri Datta/perception_22/whiteBackground/white0586.jpg</path>
	<source>
		<database>Unknown</database>
	</source>
	<size>
		<width>640</width>
		<height>480</height>
		<depth>3</depth>
	</size>
	<segmented>0</segmented>
	<object>
		<name>road_narrows_right</name>
		<pose>Unspecified</pose>
		<truncated>0</truncated>
		<difficult>0</difficult>
		<bndbox>
			<xmin>222</xmin>
			<ymin>197</ymin>
			<xmax>390</xmax>
			<ymax>342</ymax>
		</bndbox>
	</object>
	<object>
		<name>follow_left</name>
		<pose>Unspecified</pose>
		<truncated>0</truncated>
		<difficult>0</difficult>
		<bndbox>
			<xmin>61</xmin>
			<ymin>209</ymin>
			<xmax>211</xmax>
			<ymax>345</ymax>
		</bndbox>
	</object>
</annotation>
