<annotation>
	<folder>whiteBackground</folder>
	<filename>white0091.jpg</filename>
	<path>/media/datta/Sri Datta/perception_22/whiteBackground/white0091.jpg</path>
	<source>
		<database>Unknown</database>
	</source>
	<size>
		<width>640</width>
		<height>480</height>
		<depth>3</depth>
	</size>
	<segmented>0</segmented>
	<object>
		<name>junction</name>
		<pose>Unspecified</pose>
		<truncated>0</truncated>
		<difficult>0</difficult>
		<bndbox>
			<xmin>380</xmin>
			<ymin>243</ymin>
			<xmax>443</xmax>
			<ymax>300</ymax>
		</bndbox>
	</object>
</annotation>
