<annotation>
	<folder>whiteBackground</folder>
	<filename>white0625.jpg</filename>
	<path>/media/datta/Sri Datta/perception_22/whiteBackground/white0625.jpg</path>
	<source>
		<database>Unknown</database>
	</source>
	<size>
		<width>640</width>
		<height>480</height>
		<depth>3</depth>
	</size>
	<segmented>0</segmented>
	<object>
		<name>no_heavy_truck</name>
		<pose>Unspecified</pose>
		<truncated>0</truncated>
		<difficult>0</difficult>
		<bndbox>
			<xmin>342</xmin>
			<ymin>163</ymin>
			<xmax>519</xmax>
			<ymax>336</ymax>
		</bndbox>
	</object>
	<object>
		<name>road_narrows_right</name>
		<pose>Unspecified</pose>
		<truncated>0</truncated>
		<difficult>0</difficult>
		<bndbox>
			<xmin>240</xmin>
			<ymin>195</ymin>
			<xmax>336</xmax>
			<ymax>305</ymax>
		</bndbox>
	</object>
	<object>
		<name>follow_left</name>
		<pose>Unspecified</pose>
		<truncated>0</truncated>
		<difficult>0</difficult>
		<bndbox>
			<xmin>182</xmin>
			<ymin>213</ymin>
			<xmax>237</xmax>
			<ymax>285</ymax>
		</bndbox>
	</object>
</annotation>
