<annotation>
	<folder>whiteBackground</folder>
	<filename>white0519.jpg</filename>
	<path>/media/datta/Sri Datta/perception_22/whiteBackground/white0519.jpg</path>
	<source>
		<database>Unknown</database>
	</source>
	<size>
		<width>640</width>
		<height>480</height>
		<depth>3</depth>
	</size>
	<segmented>0</segmented>
	<object>
		<name>no_bicycle</name>
		<pose>Unspecified</pose>
		<truncated>0</truncated>
		<difficult>0</difficult>
		<bndbox>
			<xmin>228</xmin>
			<ymin>269</ymin>
			<xmax>278</xmax>
			<ymax>320</ymax>
		</bndbox>
	</object>
	<object>
		<name>no_heavy_truck</name>
		<pose>Unspecified</pose>
		<truncated>0</truncated>
		<difficult>0</difficult>
		<bndbox>
			<xmin>170</xmin>
			<ymin>266</ymin>
			<xmax>219</xmax>
			<ymax>316</ymax>
		</bndbox>
	</object>
	<object>
		<name>road_narrows_right</name>
		<pose>Unspecified</pose>
		<truncated>0</truncated>
		<difficult>0</difficult>
		<bndbox>
			<xmin>114</xmin>
			<ymin>267</ymin>
			<xmax>165</xmax>
			<ymax>315</ymax>
		</bndbox>
	</object>
	<object>
		<name>follow_left</name>
		<pose>Unspecified</pose>
		<truncated>0</truncated>
		<difficult>0</difficult>
		<bndbox>
			<xmin>76</xmin>
			<ymin>270</ymin>
			<xmax>115</xmax>
			<ymax>309</ymax>
		</bndbox>
	</object>
	<object>
		<name>curve_left</name>
		<pose>Unspecified</pose>
		<truncated>0</truncated>
		<difficult>0</difficult>
		<bndbox>
			<xmin>26</xmin>
			<ymin>271</ymin>
			<xmax>64</xmax>
			<ymax>309</ymax>
		</bndbox>
	</object>
	<object>
		<name>background</name>
		<pose>Unspecified</pose>
		<truncated>0</truncated>
		<difficult>0</difficult>
		<bndbox>
			<xmin>98</xmin>
			<ymin>336</ymin>
			<xmax>127</xmax>
			<ymax>359</ymax>
		</bndbox>
	</object>
</annotation>
