<annotation>
	<folder>whiteBackground</folder>
	<filename>white0607.jpg</filename>
	<path>/media/datta/Sri Datta/perception_22/whiteBackground/white0607.jpg</path>
	<source>
		<database>Unknown</database>
	</source>
	<size>
		<width>640</width>
		<height>480</height>
		<depth>3</depth>
	</size>
	<segmented>0</segmented>
	<object>
		<name>no_heavy_truck</name>
		<pose>Unspecified</pose>
		<truncated>0</truncated>
		<difficult>0</difficult>
		<bndbox>
			<xmin>201</xmin>
			<ymin>198</ymin>
			<xmax>279</xmax>
			<ymax>304</ymax>
		</bndbox>
	</object>
	<object>
		<name>no_bicycle</name>
		<pose>Unspecified</pose>
		<truncated>0</truncated>
		<difficult>0</difficult>
		<bndbox>
			<xmin>284</xmin>
			<ymin>201</ymin>
			<xmax>318</xmax>
			<ymax>269</ymax>
		</bndbox>
	</object>
	<object>
		<name>road_narrows_right</name>
		<pose>Unspecified</pose>
		<truncated>0</truncated>
		<difficult>0</difficult>
		<bndbox>
			<xmin>52</xmin>
			<ymin>267</ymin>
			<xmax>167</xmax>
			<ymax>386</ymax>
		</bndbox>
	</object>
</annotation>
