<annotation>
	<folder>whiteBackground</folder>
	<filename>white0208.jpg</filename>
	<path>/media/datta/Sri Datta/perception_22/whiteBackground/white0208.jpg</path>
	<source>
		<database>Unknown</database>
	</source>
	<size>
		<width>640</width>
		<height>480</height>
		<depth>3</depth>
	</size>
	<segmented>0</segmented>
	<object>
		<name>junction</name>
		<pose>Unspecified</pose>
		<truncated>0</truncated>
		<difficult>0</difficult>
		<bndbox>
			<xmin>268</xmin>
			<ymin>321</ymin>
			<xmax>312</xmax>
			<ymax>353</ymax>
		</bndbox>
	</object>
	<object>
		<name>follow_right</name>
		<pose>Unspecified</pose>
		<truncated>0</truncated>
		<difficult>0</difficult>
		<bndbox>
			<xmin>333</xmin>
			<ymin>311</ymin>
			<xmax>381</xmax>
			<ymax>350</ymax>
		</bndbox>
	</object>
	<object>
		<name>airport</name>
		<pose>Unspecified</pose>
		<truncated>0</truncated>
		<difficult>0</difficult>
		<bndbox>
			<xmin>417</xmin>
			<ymin>308</ymin>
			<xmax>469</xmax>
			<ymax>334</ymax>
		</bndbox>
	</object>
	<object>
		<name>curve_left</name>
		<pose>Unspecified</pose>
		<truncated>0</truncated>
		<difficult>0</difficult>
		<bndbox>
			<xmin>481</xmin>
			<ymin>304</ymin>
			<xmax>521</xmax>
			<ymax>332</ymax>
		</bndbox>
	</object>
</annotation>
