<annotation>
	<folder>whiteBackground</folder>
	<filename>white0074.jpg</filename>
	<path>/media/datta/Sri Datta/perception_22/whiteBackground/white0074.jpg</path>
	<source>
		<database>Unknown</database>
	</source>
	<size>
		<width>640</width>
		<height>480</height>
		<depth>3</depth>
	</size>
	<segmented>0</segmented>
	<object>
		<name>roundabout_warning</name>
		<pose>Unspecified</pose>
		<truncated>0</truncated>
		<difficult>0</difficult>
		<bndbox>
			<xmin>264</xmin>
			<ymin>191</ymin>
			<xmax>354</xmax>
			<ymax>273</ymax>
		</bndbox>
	</object>
	<object>
		<name>road_narrows_left</name>
		<pose>Unspecified</pose>
		<truncated>0</truncated>
		<difficult>0</difficult>
		<bndbox>
			<xmin>160</xmin>
			<ymin>202</ymin>
			<xmax>231</xmax>
			<ymax>267</ymax>
		</bndbox>
	</object>
</annotation>
