<annotation>
	<folder>whiteBackground</folder>
	<filename>white0395.jpg</filename>
	<path>/media/datta/Sri Datta/perception_22/whiteBackground/white0395.jpg</path>
	<source>
		<database>Unknown</database>
	</source>
	<size>
		<width>640</width>
		<height>480</height>
		<depth>3</depth>
	</size>
	<segmented>0</segmented>
	<object>
		<name>junction</name>
		<pose>Unspecified</pose>
		<truncated>0</truncated>
		<difficult>0</difficult>
		<bndbox>
			<xmin>114</xmin>
			<ymin>121</ymin>
			<xmax>213</xmax>
			<ymax>206</ymax>
		</bndbox>
	</object>
	<object>
		<name>follow_right</name>
		<pose>Unspecified</pose>
		<truncated>0</truncated>
		<difficult>0</difficult>
		<bndbox>
			<xmin>280</xmin>
			<ymin>95</ymin>
			<xmax>433</xmax>
			<ymax>219</ymax>
		</bndbox>
	</object>
</annotation>
