<annotation>
	<folder>whiteBackground</folder>
	<filename>white0087.jpg</filename>
	<path>/media/datta/Sri Datta/perception_22/whiteBackground/white0087.jpg</path>
	<source>
		<database>Unknown</database>
	</source>
	<size>
		<width>640</width>
		<height>480</height>
		<depth>3</depth>
	</size>
	<segmented>0</segmented>
	<object>
		<name>follow_right</name>
		<pose>Unspecified</pose>
		<truncated>0</truncated>
		<difficult>0</difficult>
		<bndbox>
			<xmin>221</xmin>
			<ymin>212</ymin>
			<xmax>288</xmax>
			<ymax>278</ymax>
		</bndbox>
	</object>
	<object>
		<name>airport</name>
		<pose>Unspecified</pose>
		<truncated>0</truncated>
		<difficult>0</difficult>
		<bndbox>
			<xmin>348</xmin>
			<ymin>220</ymin>
			<xmax>412</xmax>
			<ymax>261</ymax>
		</bndbox>
	</object>
</annotation>
