<annotation>
	<folder>whiteBackground</folder>
	<filename>white0096.jpg</filename>
	<path>/media/datta/Sri Datta/perception_22/whiteBackground/white0096.jpg</path>
	<source>
		<database>Unknown</database>
	</source>
	<size>
		<width>640</width>
		<height>480</height>
		<depth>3</depth>
	</size>
	<segmented>0</segmented>
	<object>
		<name>curve_left</name>
		<pose>Unspecified</pose>
		<truncated>0</truncated>
		<difficult>0</difficult>
		<bndbox>
			<xmin>568</xmin>
			<ymin>284</ymin>
			<xmax>609</xmax>
			<ymax>321</ymax>
		</bndbox>
	</object>
	<object>
		<name>airport</name>
		<pose>Unspecified</pose>
		<truncated>0</truncated>
		<difficult>0</difficult>
		<bndbox>
			<xmin>505</xmin>
			<ymin>285</ymin>
			<xmax>556</xmax>
			<ymax>318</ymax>
		</bndbox>
	</object>
	<object>
		<name>follow_right</name>
		<pose>Unspecified</pose>
		<truncated>0</truncated>
		<difficult>0</difficult>
		<bndbox>
			<xmin>416</xmin>
			<ymin>288</ymin>
			<xmax>465</xmax>
			<ymax>333</ymax>
		</bndbox>
	</object>
	<object>
		<name>junction</name>
		<pose>Unspecified</pose>
		<truncated>0</truncated>
		<difficult>0</difficult>
		<bndbox>
			<xmin>344</xmin>
			<ymin>291</ymin>
			<xmax>390</xmax>
			<ymax>333</ymax>
		</bndbox>
	</object>
</annotation>
