<annotation>
	<folder>whiteBackground</folder>
	<filename>white0591.jpg</filename>
	<path>/media/datta/Sri Datta/perception_22/whiteBackground/white0591.jpg</path>
	<source>
		<database>Unknown</database>
	</source>
	<size>
		<width>640</width>
		<height>480</height>
		<depth>3</depth>
	</size>
	<segmented>0</segmented>
	<object>
		<name>road_narrows_right</name>
		<pose>Unspecified</pose>
		<truncated>0</truncated>
		<difficult>0</difficult>
		<bndbox>
			<xmin>355</xmin>
			<ymin>224</ymin>
			<xmax>412</xmax>
			<ymax>306</ymax>
		</bndbox>
	</object>
	<object>
		<name>follow_left</name>
		<pose>Unspecified</pose>
		<truncated>0</truncated>
		<difficult>0</difficult>
		<bndbox>
			<xmin>288</xmin>
			<ymin>224</ymin>
			<xmax>355</xmax>
			<ymax>314</ymax>
		</bndbox>
	</object>
	<object>
		<name>curve_right</name>
		<pose>Unspecified</pose>
		<truncated>0</truncated>
		<difficult>0</difficult>
		<bndbox>
			<xmin>82</xmin>
			<ymin>220</ymin>
			<xmax>249</xmax>
			<ymax>351</ymax>
		</bndbox>
	</object>
</annotation>
