<annotation>
	<folder>whiteBackground</folder>
	<filename>white0590.jpg</filename>
	<path>/media/datta/Sri Datta/perception_22/whiteBackground/white0590.jpg</path>
	<source>
		<database>Unknown</database>
	</source>
	<size>
		<width>640</width>
		<height>480</height>
		<depth>3</depth>
	</size>
	<segmented>0</segmented>
	<object>
		<name>road_narrows_right</name>
		<pose>Unspecified</pose>
		<truncated>0</truncated>
		<difficult>0</difficult>
		<bndbox>
			<xmin>359</xmin>
			<ymin>226</ymin>
			<xmax>428</xmax>
			<ymax>314</ymax>
		</bndbox>
	</object>
	<object>
		<name>follow_left</name>
		<pose>Unspecified</pose>
		<truncated>0</truncated>
		<difficult>0</difficult>
		<bndbox>
			<xmin>282</xmin>
			<ymin>226</ymin>
			<xmax>356</xmax>
			<ymax>320</ymax>
		</bndbox>
	</object>
	<object>
		<name>curve_right</name>
		<pose>Unspecified</pose>
		<truncated>0</truncated>
		<difficult>0</difficult>
		<bndbox>
			<xmin>51</xmin>
			<ymin>222</ymin>
			<xmax>223</xmax>
			<ymax>351</ymax>
		</bndbox>
	</object>
</annotation>
