<annotation>
	<folder>whiteBackground</folder>
	<filename>white0081.jpg</filename>
	<path>/media/datta/Sri Datta/perception_22/whiteBackground/white0081.jpg</path>
	<source>
		<database>Unknown</database>
	</source>
	<size>
		<width>640</width>
		<height>480</height>
		<depth>3</depth>
	</size>
	<segmented>0</segmented>
	<object>
		<name>road_narrows_left</name>
		<pose>Unspecified</pose>
		<truncated>0</truncated>
		<difficult>0</difficult>
		<bndbox>
			<xmin>225</xmin>
			<ymin>202</ymin>
			<xmax>305</xmax>
			<ymax>272</ymax>
		</bndbox>
	</object>
	<object>
		<name>roundabout_warning</name>
		<pose>Unspecified</pose>
		<truncated>0</truncated>
		<difficult>0</difficult>
		<bndbox>
			<xmin>337</xmin>
			<ymin>199</ymin>
			<xmax>420</xmax>
			<ymax>278</ymax>
		</bndbox>
	</object>
</annotation>
