<annotation>
	<folder>whiteBackground</folder>
	<filename>white0372.jpg</filename>
	<path>/media/datta/Sri Datta/perception_22/whiteBackground/white0372.jpg</path>
	<source>
		<database>Unknown</database>
	</source>
	<size>
		<width>640</width>
		<height>480</height>
		<depth>3</depth>
	</size>
	<segmented>0</segmented>
	<object>
		<name>follow_right</name>
		<pose>Unspecified</pose>
		<truncated>0</truncated>
		<difficult>0</difficult>
		<bndbox>
			<xmin>359</xmin>
			<ymin>241</ymin>
			<xmax>404</xmax>
			<ymax>303</ymax>
		</bndbox>
	</object>
</annotation>
