<annotation>
	<folder>whiteBackground</folder>
	<filename>white0474.jpg</filename>
	<path>/media/datta/Sri Datta/perception_22/whiteBackground/white0474.jpg</path>
	<source>
		<database>Unknown</database>
	</source>
	<size>
		<width>640</width>
		<height>480</height>
		<depth>3</depth>
	</size>
	<segmented>0</segmented>
	<object>
		<name>curve_right</name>
		<pose>Unspecified</pose>
		<truncated>0</truncated>
		<difficult>0</difficult>
		<bndbox>
			<xmin>252</xmin>
			<ymin>230</ymin>
			<xmax>339</xmax>
			<ymax>306</ymax>
		</bndbox>
	</object>
	<object>
		<name>follow_left</name>
		<pose>Unspecified</pose>
		<truncated>0</truncated>
		<difficult>0</difficult>
		<bndbox>
			<xmin>381</xmin>
			<ymin>230</ymin>
			<xmax>467</xmax>
			<ymax>320</ymax>
		</bndbox>
	</object>
	<object>
		<name>road_narrows_right</name>
		<pose>Unspecified</pose>
		<truncated>0</truncated>
		<difficult>0</difficult>
		<bndbox>
			<xmin>474</xmin>
			<ymin>239</ymin>
			<xmax>564</xmax>
			<ymax>333</ymax>
		</bndbox>
	</object>
</annotation>
