<annotation>
	<folder>whiteBackground</folder>
	<filename>white0401.jpg</filename>
	<path>/media/datta/Sri Datta/perception_22/whiteBackground/white0401.jpg</path>
	<source>
		<database>Unknown</database>
	</source>
	<size>
		<width>640</width>
		<height>480</height>
		<depth>3</depth>
	</size>
	<segmented>0</segmented>
	<object>
		<name>follow_right</name>
		<pose>Unspecified</pose>
		<truncated>0</truncated>
		<difficult>0</difficult>
		<bndbox>
			<xmin>201</xmin>
			<ymin>222</ymin>
			<xmax>259</xmax>
			<ymax>289</ymax>
		</bndbox>
	</object>
	<object>
		<name>junction</name>
		<pose>Unspecified</pose>
		<truncated>0</truncated>
		<difficult>0</difficult>
		<bndbox>
			<xmin>130</xmin>
			<ymin>182</ymin>
			<xmax>171</xmax>
			<ymax>235</ymax>
		</bndbox>
	</object>
	<object>
		<name>airport</name>
		<pose>Unspecified</pose>
		<truncated>0</truncated>
		<difficult>0</difficult>
		<bndbox>
			<xmin>313</xmin>
			<ymin>289</ymin>
			<xmax>413</xmax>
			<ymax>376</ymax>
		</bndbox>
	</object>
	<object>
		<name>curve_left</name>
		<pose>Unspecified</pose>
		<truncated>0</truncated>
		<difficult>0</difficult>
		<bndbox>
			<xmin>428</xmin>
			<ymin>395</ymin>
			<xmax>523</xmax>
			<ymax>455</ymax>
		</bndbox>
	</object>
</annotation>
