<annotation>
	<folder>whiteBackground</folder>
	<filename>white0626.jpg</filename>
	<path>/media/datta/Sri Datta/perception_22/whiteBackground/white0626.jpg</path>
	<source>
		<database>Unknown</database>
	</source>
	<size>
		<width>640</width>
		<height>480</height>
		<depth>3</depth>
	</size>
	<segmented>0</segmented>
	<object>
		<name>road_narrows_right</name>
		<pose>Unspecified</pose>
		<truncated>0</truncated>
		<difficult>0</difficult>
		<bndbox>
			<xmin>302</xmin>
			<ymin>183</ymin>
			<xmax>455</xmax>
			<ymax>332</ymax>
		</bndbox>
	</object>
	<object>
		<name>follow_left</name>
		<pose>Unspecified</pose>
		<truncated>0</truncated>
		<difficult>0</difficult>
		<bndbox>
			<xmin>232</xmin>
			<ymin>213</ymin>
			<xmax>297</xmax>
			<ymax>295</ymax>
		</bndbox>
	</object>
	<object>
		<name>curve_right</name>
		<pose>Unspecified</pose>
		<truncated>0</truncated>
		<difficult>0</difficult>
		<bndbox>
			<xmin>183</xmin>
			<ymin>227</ymin>
			<xmax>223</xmax>
			<ymax>283</ymax>
		</bndbox>
	</object>
</annotation>
