<annotation>
	<folder>whiteBackground</folder>
	<filename>white0606.jpg</filename>
	<path>/media/datta/Sri Datta/perception_22/whiteBackground/white0606.jpg</path>
	<source>
		<database>Unknown</database>
	</source>
	<size>
		<width>640</width>
		<height>480</height>
		<depth>3</depth>
	</size>
	<segmented>0</segmented>
	<object>
		<name>road_narrows_right</name>
		<pose>Unspecified</pose>
		<truncated>0</truncated>
		<difficult>0</difficult>
		<bndbox>
			<xmin>66</xmin>
			<ymin>200</ymin>
			<xmax>236</xmax>
			<ymax>389</ymax>
		</bndbox>
	</object>
	<object>
		<name>no_heavy_truck</name>
		<pose>Unspecified</pose>
		<truncated>0</truncated>
		<difficult>0</difficult>
		<bndbox>
			<xmin>231</xmin>
			<ymin>192</ymin>
			<xmax>291</xmax>
			<ymax>282</ymax>
		</bndbox>
	</object>
	<object>
		<name>no_bicycle</name>
		<pose>Unspecified</pose>
		<truncated>0</truncated>
		<difficult>0</difficult>
		<bndbox>
			<xmin>291</xmin>
			<ymin>195</ymin>
			<xmax>321</xmax>
			<ymax>259</ymax>
		</bndbox>
	</object>
</annotation>
