<annotation>
	<folder>whiteBackground</folder>
	<filename>white0566.jpg</filename>
	<path>/media/datta/Sri Datta/perception_22/whiteBackground/white0566.jpg</path>
	<source>
		<database>Unknown</database>
	</source>
	<size>
		<width>640</width>
		<height>480</height>
		<depth>3</depth>
	</size>
	<segmented>0</segmented>
	<object>
		<name>no_bicycle</name>
		<pose>Unspecified</pose>
		<truncated>0</truncated>
		<difficult>0</difficult>
		<bndbox>
			<xmin>394</xmin>
			<ymin>317</ymin>
			<xmax>469</xmax>
			<ymax>367</ymax>
		</bndbox>
	</object>
	<object>
		<name>no_heavy_truck</name>
		<pose>Unspecified</pose>
		<truncated>0</truncated>
		<difficult>0</difficult>
		<bndbox>
			<xmin>312</xmin>
			<ymin>307</ymin>
			<xmax>382</xmax>
			<ymax>356</ymax>
		</bndbox>
	</object>
	<object>
		<name>road_narrows_right</name>
		<pose>Unspecified</pose>
		<truncated>0</truncated>
		<difficult>0</difficult>
		<bndbox>
			<xmin>236</xmin>
			<ymin>305</ymin>
			<xmax>306</xmax>
			<ymax>356</ymax>
		</bndbox>
	</object>
	<object>
		<name>follow_left</name>
		<pose>Unspecified</pose>
		<truncated>0</truncated>
		<difficult>0</difficult>
		<bndbox>
			<xmin>166</xmin>
			<ymin>304</ymin>
			<xmax>228</xmax>
			<ymax>343</ymax>
		</bndbox>
	</object>
	<object>
		<name>curve_right</name>
		<pose>Unspecified</pose>
		<truncated>0</truncated>
		<difficult>0</difficult>
		<bndbox>
			<xmin>101</xmin>
			<ymin>300</ymin>
			<xmax>153</xmax>
			<ymax>339</ymax>
		</bndbox>
	</object>
</annotation>
