<annotation>
	<folder>whiteBackground</folder>
	<filename>white0499.jpg</filename>
	<path>/media/datta/Sri Datta/perception_22/whiteBackground/white0499.jpg</path>
	<source>
		<database>Unknown</database>
	</source>
	<size>
		<width>640</width>
		<height>480</height>
		<depth>3</depth>
	</size>
	<segmented>0</segmented>
	<object>
		<name>curve_right</name>
		<pose>Unspecified</pose>
		<truncated>0</truncated>
		<difficult>0</difficult>
		<bndbox>
			<xmin>293</xmin>
			<ymin>314</ymin>
			<xmax>354</xmax>
			<ymax>386</ymax>
		</bndbox>
	</object>
	<object>
		<name>follow_left</name>
		<pose>Unspecified</pose>
		<truncated>0</truncated>
		<difficult>0</difficult>
		<bndbox>
			<xmin>382</xmin>
			<ymin>343</ymin>
			<xmax>440</xmax>
			<ymax>413</ymax>
		</bndbox>
	</object>
	<object>
		<name>road_narrows_left</name>
		<pose>Unspecified</pose>
		<truncated>0</truncated>
		<difficult>0</difficult>
		<bndbox>
			<xmin>433</xmin>
			<ymin>367</ymin>
			<xmax>489</xmax>
			<ymax>444</ymax>
		</bndbox>
	</object>
	<object>
		<name>no_heavy_truck</name>
		<pose>Unspecified</pose>
		<truncated>0</truncated>
		<difficult>0</difficult>
		<bndbox>
			<xmin>498</xmin>
			<ymin>386</ymin>
			<xmax>539</xmax>
			<ymax>457</ymax>
		</bndbox>
	</object>
</annotation>
