<annotation>
	<folder>whiteBackground</folder>
	<filename>white0477.jpg</filename>
	<path>/media/datta/Sri Datta/perception_22/whiteBackground/white0477.jpg</path>
	<source>
		<database>Unknown</database>
	</source>
	<size>
		<width>640</width>
		<height>480</height>
		<depth>3</depth>
	</size>
	<segmented>0</segmented>
	<object>
		<name>curve_right</name>
		<pose>Unspecified</pose>
		<truncated>0</truncated>
		<difficult>0</difficult>
		<bndbox>
			<xmin>150</xmin>
			<ymin>239</ymin>
			<xmax>237</xmax>
			<ymax>317</ymax>
		</bndbox>
	</object>
	<object>
		<name>follow_left</name>
		<pose>Unspecified</pose>
		<truncated>0</truncated>
		<difficult>0</difficult>
		<bndbox>
			<xmin>273</xmin>
			<ymin>238</ymin>
			<xmax>364</xmax>
			<ymax>323</ymax>
		</bndbox>
	</object>
	<object>
		<name>road_narrows_right</name>
		<pose>Unspecified</pose>
		<truncated>0</truncated>
		<difficult>0</difficult>
		<bndbox>
			<xmin>373</xmin>
			<ymin>236</ymin>
			<xmax>475</xmax>
			<ymax>336</ymax>
		</bndbox>
	</object>
	<object>
		<name>no_heavy_truck</name>
		<pose>Unspecified</pose>
		<truncated>0</truncated>
		<difficult>0</difficult>
		<bndbox>
			<xmin>491</xmin>
			<ymin>236</ymin>
			<xmax>571</xmax>
			<ymax>329</ymax>
		</bndbox>
	</object>
</annotation>
