<annotation>
	<folder>whiteBackground</folder>
	<filename>white0628.jpg</filename>
	<path>/media/datta/Sri Datta/perception_22/whiteBackground/white0628.jpg</path>
	<source>
		<database>Unknown</database>
	</source>
	<size>
		<width>640</width>
		<height>480</height>
		<depth>3</depth>
	</size>
	<segmented>0</segmented>
	<object>
		<name>follow_left</name>
		<pose>Unspecified</pose>
		<truncated>0</truncated>
		<difficult>0</difficult>
		<bndbox>
			<xmin>299</xmin>
			<ymin>200</ymin>
			<xmax>426</xmax>
			<ymax>328</ymax>
		</bndbox>
	</object>
	<object>
		<name>curve_right</name>
		<pose>Unspecified</pose>
		<truncated>0</truncated>
		<difficult>0</difficult>
		<bndbox>
			<xmin>230</xmin>
			<ymin>227</ymin>
			<xmax>285</xmax>
			<ymax>303</ymax>
		</bndbox>
	</object>
</annotation>
