<annotation>
	<folder>whiteBackground</folder>
	<filename>white0090.jpg</filename>
	<path>/media/datta/Sri Datta/perception_22/whiteBackground/white0090.jpg</path>
	<source>
		<database>Unknown</database>
	</source>
	<size>
		<width>640</width>
		<height>480</height>
		<depth>3</depth>
	</size>
	<segmented>0</segmented>
	<object>
		<name>airport</name>
		<pose>Unspecified</pose>
		<truncated>0</truncated>
		<difficult>0</difficult>
		<bndbox>
			<xmin>550</xmin>
			<ymin>178</ymin>
			<xmax>617</xmax>
			<ymax>229</ymax>
		</bndbox>
	</object>
	<object>
		<name>follow_right</name>
		<pose>Unspecified</pose>
		<truncated>0</truncated>
		<difficult>0</difficult>
		<bndbox>
			<xmin>421</xmin>
			<ymin>185</ymin>
			<xmax>495</xmax>
			<ymax>253</ymax>
		</bndbox>
	</object>
	<object>
		<name>junction</name>
		<pose>Unspecified</pose>
		<truncated>0</truncated>
		<difficult>0</difficult>
		<bndbox>
			<xmin>320</xmin>
			<ymin>206</ymin>
			<xmax>381</xmax>
			<ymax>263</ymax>
		</bndbox>
	</object>
</annotation>
