<annotation>
	<folder>whiteBackground</folder>
	<filename>white0627.jpg</filename>
	<path>/media/datta/Sri Datta/perception_22/whiteBackground/white0627.jpg</path>
	<source>
		<database>Unknown</database>
	</source>
	<size>
		<width>640</width>
		<height>480</height>
		<depth>3</depth>
	</size>
	<segmented>0</segmented>
	<object>
		<name>follow_left</name>
		<pose>Unspecified</pose>
		<truncated>0</truncated>
		<difficult>0</difficult>
		<bndbox>
			<xmin>269</xmin>
			<ymin>210</ymin>
			<xmax>361</xmax>
			<ymax>315</ymax>
		</bndbox>
	</object>
	<object>
		<name>curve_right</name>
		<pose>Unspecified</pose>
		<truncated>0</truncated>
		<difficult>0</difficult>
		<bndbox>
			<xmin>211</xmin>
			<ymin>230</ymin>
			<xmax>262</xmax>
			<ymax>298</ymax>
		</bndbox>
	</object>
</annotation>
