<annotation>
	<folder>whiteBackground</folder>
	<filename>white0097.jpg</filename>
	<path>/media/datta/Sri Datta/perception_22/whiteBackground/white0097.jpg</path>
	<source>
		<database>Unknown</database>
	</source>
	<size>
		<width>640</width>
		<height>480</height>
		<depth>3</depth>
	</size>
	<segmented>0</segmented>
	<object>
		<name>curve_left</name>
		<pose>Unspecified</pose>
		<truncated>0</truncated>
		<difficult>0</difficult>
		<bndbox>
			<xmin>509</xmin>
			<ymin>284</ymin>
			<xmax>544</xmax>
			<ymax>320</ymax>
		</bndbox>
	</object>
	<object>
		<name>airport</name>
		<pose>Unspecified</pose>
		<truncated>0</truncated>
		<difficult>0</difficult>
		<bndbox>
			<xmin>449</xmin>
			<ymin>286</ymin>
			<xmax>492</xmax>
			<ymax>315</ymax>
		</bndbox>
	</object>
	<object>
		<name>follow_right</name>
		<pose>Unspecified</pose>
		<truncated>0</truncated>
		<difficult>0</difficult>
		<bndbox>
			<xmin>372</xmin>
			<ymin>284</ymin>
			<xmax>413</xmax>
			<ymax>325</ymax>
		</bndbox>
	</object>
	<object>
		<name>junction</name>
		<pose>Unspecified</pose>
		<truncated>0</truncated>
		<difficult>0</difficult>
		<bndbox>
			<xmin>314</xmin>
			<ymin>289</ymin>
			<xmax>351</xmax>
			<ymax>323</ymax>
		</bndbox>
	</object>
</annotation>
