<annotation>
	<folder>whiteBackground</folder>
	<filename>white0479.jpg</filename>
	<path>/media/datta/Sri Datta/perception_22/whiteBackground/white0479.jpg</path>
	<source>
		<database>Unknown</database>
	</source>
	<size>
		<width>640</width>
		<height>480</height>
		<depth>3</depth>
	</size>
	<segmented>0</segmented>
	<object>
		<name>road_narrows_right</name>
		<pose>Unspecified</pose>
		<truncated>0</truncated>
		<difficult>0</difficult>
		<bndbox>
			<xmin>165</xmin>
			<ymin>195</ymin>
			<xmax>295</xmax>
			<ymax>304</ymax>
		</bndbox>
	</object>
	<object>
		<name>no_heavy_truck</name>
		<pose>Unspecified</pose>
		<truncated>0</truncated>
		<difficult>0</difficult>
		<bndbox>
			<xmin>302</xmin>
			<ymin>186</ymin>
			<xmax>405</xmax>
			<ymax>290</ymax>
		</bndbox>
	</object>
	<object>
		<name>no_bicycle</name>
		<pose>Unspecified</pose>
		<truncated>0</truncated>
		<difficult>0</difficult>
		<bndbox>
			<xmin>425</xmin>
			<ymin>195</ymin>
			<xmax>509</xmax>
			<ymax>287</ymax>
		</bndbox>
	</object>
</annotation>
