<annotation>
	<folder>whiteBackground</folder>
	<filename>white0489.jpg</filename>
	<path>/media/datta/Sri Datta/perception_22/whiteBackground/white0489.jpg</path>
	<source>
		<database>Unknown</database>
	</source>
	<size>
		<width>640</width>
		<height>480</height>
		<depth>3</depth>
	</size>
	<segmented>0</segmented>
	<object>
		<name>no_bicycle</name>
		<pose>Unspecified</pose>
		<truncated>0</truncated>
		<difficult>0</difficult>
		<bndbox>
			<xmin>267</xmin>
			<ymin>254</ymin>
			<xmax>353</xmax>
			<ymax>347</ymax>
		</bndbox>
	</object>
	<object>
		<name>no_heavy_truck</name>
		<pose>Unspecified</pose>
		<truncated>0</truncated>
		<difficult>0</difficult>
		<bndbox>
			<xmin>184</xmin>
			<ymin>232</ymin>
			<xmax>251</xmax>
			<ymax>314</ymax>
		</bndbox>
	</object>
	<object>
		<name>road_narrows_left</name>
		<pose>Unspecified</pose>
		<truncated>0</truncated>
		<difficult>0</difficult>
		<bndbox>
			<xmin>124</xmin>
			<ymin>249</ymin>
			<xmax>173</xmax>
			<ymax>297</ymax>
		</bndbox>
	</object>
</annotation>
