<annotation>
	<folder>whiteBackground</folder>
	<filename>white0408.jpg</filename>
	<path>/media/datta/Sri Datta/perception_22/whiteBackground/white0408.jpg</path>
	<source>
		<database>Unknown</database>
	</source>
	<size>
		<width>640</width>
		<height>480</height>
		<depth>3</depth>
	</size>
	<segmented>0</segmented>
	<object>
		<name>roundabout_warning</name>
		<pose>Unspecified</pose>
		<truncated>0</truncated>
		<difficult>0</difficult>
		<bndbox>
			<xmin>252</xmin>
			<ymin>195</ymin>
			<xmax>338</xmax>
			<ymax>274</ymax>
		</bndbox>
	</object>
	<object>
		<name>curve_left</name>
		<pose>Unspecified</pose>
		<truncated>0</truncated>
		<difficult>0</difficult>
		<bndbox>
			<xmin>78</xmin>
			<ymin>186</ymin>
			<xmax>128</xmax>
			<ymax>239</ymax>
		</bndbox>
	</object>
</annotation>
