<annotation>
	<folder>whiteBackground</folder>
	<filename>white0075.jpg</filename>
	<path>/media/datta/Sri Datta/perception_22/whiteBackground/white0075.jpg</path>
	<source>
		<database>Unknown</database>
	</source>
	<size>
		<width>640</width>
		<height>480</height>
		<depth>3</depth>
	</size>
	<segmented>0</segmented>
	<object>
		<name>roundabout_warning</name>
		<pose>Unspecified</pose>
		<truncated>0</truncated>
		<difficult>0</difficult>
		<bndbox>
			<xmin>277</xmin>
			<ymin>195</ymin>
			<xmax>364</xmax>
			<ymax>275</ymax>
		</bndbox>
	</object>
	<object>
		<name>road_narrows_left</name>
		<pose>Unspecified</pose>
		<truncated>0</truncated>
		<difficult>0</difficult>
		<bndbox>
			<xmin>169</xmin>
			<ymin>206</ymin>
			<xmax>241</xmax>
			<ymax>272</ymax>
		</bndbox>
	</object>
</annotation>
