<annotation>
	<folder>whiteBackground</folder>
	<filename>white0480.jpg</filename>
	<path>/media/datta/Sri Datta/perception_22/whiteBackground/white0480.jpg</path>
	<source>
		<database>Unknown</database>
	</source>
	<size>
		<width>640</width>
		<height>480</height>
		<depth>3</depth>
	</size>
	<segmented>0</segmented>
	<object>
		<name>no_heavy_truck</name>
		<pose>Unspecified</pose>
		<truncated>0</truncated>
		<difficult>0</difficult>
		<bndbox>
			<xmin>255</xmin>
			<ymin>183</ymin>
			<xmax>367</xmax>
			<ymax>298</ymax>
		</bndbox>
	</object>
	<object>
		<name>no_bicycle</name>
		<pose>Unspecified</pose>
		<truncated>0</truncated>
		<difficult>0</difficult>
		<bndbox>
			<xmin>392</xmin>
			<ymin>193</ymin>
			<xmax>489</xmax>
			<ymax>297</ymax>
		</bndbox>
	</object>
	<object>
		<name>road_narrows_right</name>
		<pose>Unspecified</pose>
		<truncated>0</truncated>
		<difficult>0</difficult>
		<bndbox>
			<xmin>97</xmin>
			<ymin>195</ymin>
			<xmax>246</xmax>
			<ymax>311</ymax>
		</bndbox>
	</object>
</annotation>
