<annotation>
	<folder>whiteBackground</folder>
	<filename>white0592.jpg</filename>
	<path>/media/datta/Sri Datta/perception_22/whiteBackground/white0592.jpg</path>
	<source>
		<database>Unknown</database>
	</source>
	<size>
		<width>640</width>
		<height>480</height>
		<depth>3</depth>
	</size>
	<segmented>0</segmented>
	<object>
		<name>road_narrows_right</name>
		<pose>Unspecified</pose>
		<truncated>0</truncated>
		<difficult>0</difficult>
		<bndbox>
			<xmin>361</xmin>
			<ymin>221</ymin>
			<xmax>406</xmax>
			<ymax>292</ymax>
		</bndbox>
	</object>
	<object>
		<name>follow_left</name>
		<pose>Unspecified</pose>
		<truncated>0</truncated>
		<difficult>0</difficult>
		<bndbox>
			<xmin>311</xmin>
			<ymin>218</ymin>
			<xmax>362</xmax>
			<ymax>294</ymax>
		</bndbox>
	</object>
	<object>
		<name>curve_right</name>
		<pose>Unspecified</pose>
		<truncated>0</truncated>
		<difficult>0</difficult>
		<bndbox>
			<xmin>171</xmin>
			<ymin>220</ymin>
			<xmax>278</xmax>
			<ymax>319</ymax>
		</bndbox>
	</object>
</annotation>
