<annotation>
	<folder>whiteBackground</folder>
	<filename>white0220.jpg</filename>
	<path>/media/datta/Sri Datta/perception_22/whiteBackground/white0220.jpg</path>
	<source>
		<database>Unknown</database>
	</source>
	<size>
		<width>640</width>
		<height>480</height>
		<depth>3</depth>
	</size>
	<segmented>0</segmented>
	<object>
		<name>junction</name>
		<pose>Unspecified</pose>
		<truncated>0</truncated>
		<difficult>0</difficult>
		<bndbox>
			<xmin>214</xmin>
			<ymin>270</ymin>
			<xmax>253</xmax>
			<ymax>303</ymax>
		</bndbox>
	</object>
	<object>
		<name>follow_right</name>
		<pose>Unspecified</pose>
		<truncated>0</truncated>
		<difficult>0</difficult>
		<bndbox>
			<xmin>277</xmin>
			<ymin>278</ymin>
			<xmax>320</xmax>
			<ymax>317</ymax>
		</bndbox>
	</object>
	<object>
		<name>airport</name>
		<pose>Unspecified</pose>
		<truncated>0</truncated>
		<difficult>0</difficult>
		<bndbox>
			<xmin>357</xmin>
			<ymin>295</ymin>
			<xmax>411</xmax>
			<ymax>330</ymax>
		</bndbox>
	</object>
	<object>
		<name>curve_left</name>
		<pose>Unspecified</pose>
		<truncated>0</truncated>
		<difficult>0</difficult>
		<bndbox>
			<xmin>424</xmin>
			<ymin>312</ymin>
			<xmax>469</xmax>
			<ymax>348</ymax>
		</bndbox>
	</object>
</annotation>
