<annotation>
	<folder>whiteBackground</folder>
	<filename>white0368.jpg</filename>
	<path>/media/datta/Sri Datta/perception_22/whiteBackground/white0368.jpg</path>
	<source>
		<database>Unknown</database>
	</source>
	<size>
		<width>640</width>
		<height>480</height>
		<depth>3</depth>
	</size>
	<segmented>0</segmented>
	<object>
		<name>road_narrows_left</name>
		<pose>Unspecified</pose>
		<truncated>0</truncated>
		<difficult>0</difficult>
		<bndbox>
			<xmin>423</xmin>
			<ymin>256</ymin>
			<xmax>512</xmax>
			<ymax>343</ymax>
		</bndbox>
	</object>
	<object>
		<name>curve_left</name>
		<pose>Unspecified</pose>
		<truncated>0</truncated>
		<difficult>0</difficult>
		<bndbox>
			<xmin>356</xmin>
			<ymin>258</ymin>
			<xmax>396</xmax>
			<ymax>312</ymax>
		</bndbox>
	</object>
	<object>
		<name>airport</name>
		<pose>Unspecified</pose>
		<truncated>0</truncated>
		<difficult>0</difficult>
		<bndbox>
			<xmin>315</xmin>
			<ymin>260</ymin>
			<xmax>342</xmax>
			<ymax>289</ymax>
		</bndbox>
	</object>
</annotation>
