<annotation>
	<folder>whiteBackground</folder>
	<filename>white0092.jpg</filename>
	<path>/media/datta/Sri Datta/perception_22/whiteBackground/white0092.jpg</path>
	<source>
		<database>Unknown</database>
	</source>
	<size>
		<width>640</width>
		<height>480</height>
		<depth>3</depth>
	</size>
	<segmented>0</segmented>
	<object>
		<name>junction</name>
		<pose>Unspecified</pose>
		<truncated>0</truncated>
		<difficult>0</difficult>
		<bndbox>
			<xmin>392</xmin>
			<ymin>281</ymin>
			<xmax>454</xmax>
			<ymax>331</ymax>
		</bndbox>
	</object>
	<object>
		<name>follow_right</name>
		<pose>Unspecified</pose>
		<truncated>0</truncated>
		<difficult>0</difficult>
		<bndbox>
			<xmin>492</xmin>
			<ymin>264</ymin>
			<xmax>564</xmax>
			<ymax>338</ymax>
		</bndbox>
	</object>
	<object>
		<name>background</name>
		<pose>Unspecified</pose>
		<truncated>0</truncated>
		<difficult>0</difficult>
		<bndbox>
			<xmin>287</xmin>
			<ymin>186</ymin>
			<xmax>343</xmax>
			<ymax>232</ymax>
		</bndbox>
	</object>
	<object>
		<name>background</name>
		<pose>Unspecified</pose>
		<truncated>0</truncated>
		<difficult>0</difficult>
		<bndbox>
			<xmin>492</xmin>
			<ymin>438</ymin>
			<xmax>537</xmax>
			<ymax>470</ymax>
		</bndbox>
	</object>
</annotation>
