<annotation>
	<folder>whiteBackground</folder>
	<filename>white0086.jpg</filename>
	<path>/media/datta/Sri Datta/perception_22/whiteBackground/white0086.jpg</path>
	<source>
		<database>Unknown</database>
	</source>
	<size>
		<width>640</width>
		<height>480</height>
		<depth>3</depth>
	</size>
	<segmented>0</segmented>
	<object>
		<name>airport</name>
		<pose>Unspecified</pose>
		<truncated>0</truncated>
		<difficult>0</difficult>
		<bndbox>
			<xmin>310</xmin>
			<ymin>214</ymin>
			<xmax>381</xmax>
			<ymax>260</ymax>
		</bndbox>
	</object>
</annotation>
