<annotation>
	<folder>whiteBackground</folder>
	<filename>white0427.jpg</filename>
	<path>/media/datta/Sri Datta/perception_22/whiteBackground/white0427.jpg</path>
	<source>
		<database>Unknown</database>
	</source>
	<size>
		<width>640</width>
		<height>480</height>
		<depth>3</depth>
	</size>
	<segmented>0</segmented>
	<object>
		<name>junction</name>
		<pose>Unspecified</pose>
		<truncated>0</truncated>
		<difficult>0</difficult>
		<bndbox>
			<xmin>403</xmin>
			<ymin>270</ymin>
			<xmax>439</xmax>
			<ymax>302</ymax>
		</bndbox>
	</object>
	<object>
		<name>follow_right</name>
		<pose>Unspecified</pose>
		<truncated>0</truncated>
		<difficult>0</difficult>
		<bndbox>
			<xmin>461</xmin>
			<ymin>277</ymin>
			<xmax>502</xmax>
			<ymax>317</ymax>
		</bndbox>
	</object>
	<object>
		<name>airport</name>
		<pose>Unspecified</pose>
		<truncated>0</truncated>
		<difficult>0</difficult>
		<bndbox>
			<xmin>528</xmin>
			<ymin>292</ymin>
			<xmax>567</xmax>
			<ymax>322</ymax>
		</bndbox>
	</object>
</annotation>
