<annotation>
	<folder>whiteBackground</folder>
	<filename>white0407.jpg</filename>
	<path>/media/datta/Sri Datta/perception_22/whiteBackground/white0407.jpg</path>
	<source>
		<database>Unknown</database>
	</source>
	<size>
		<width>640</width>
		<height>480</height>
		<depth>3</depth>
	</size>
	<segmented>0</segmented>
	<object>
		<name>roundabout_warning</name>
		<pose>Unspecified</pose>
		<truncated>0</truncated>
		<difficult>0</difficult>
		<bndbox>
			<xmin>255</xmin>
			<ymin>309</ymin>
			<xmax>356</xmax>
			<ymax>428</ymax>
		</bndbox>
	</object>
	<object>
		<name>road_narrows_left</name>
		<pose>Unspecified</pose>
		<truncated>0</truncated>
		<difficult>0</difficult>
		<bndbox>
			<xmin>178</xmin>
			<ymin>275</ymin>
			<xmax>233</xmax>
			<ymax>350</ymax>
		</bndbox>
	</object>
	<object>
		<name>curve_left</name>
		<pose>Unspecified</pose>
		<truncated>0</truncated>
		<difficult>0</difficult>
		<bndbox>
			<xmin>114</xmin>
			<ymin>249</ymin>
			<xmax>158</xmax>
			<ymax>301</ymax>
		</bndbox>
	</object>
</annotation>
