<annotation>
	<folder>whiteBackground</folder>
	<filename>white0587.jpg</filename>
	<path>/media/datta/Sri Datta/perception_22/whiteBackground/white0587.jpg</path>
	<source>
		<database>Unknown</database>
	</source>
	<size>
		<width>640</width>
		<height>480</height>
		<depth>3</depth>
	</size>
	<segmented>0</segmented>
	<object>
		<name>road_narrows_right</name>
		<pose>Unspecified</pose>
		<truncated>0</truncated>
		<difficult>0</difficult>
		<bndbox>
			<xmin>294</xmin>
			<ymin>194</ymin>
			<xmax>442</xmax>
			<ymax>338</ymax>
		</bndbox>
	</object>
	<object>
		<name>follow_left</name>
		<pose>Unspecified</pose>
		<truncated>0</truncated>
		<difficult>0</difficult>
		<bndbox>
			<xmin>128</xmin>
			<ymin>207</ymin>
			<xmax>282</xmax>
			<ymax>340</ymax>
		</bndbox>
	</object>
</annotation>
