<annotation>
	<folder>whiteBackground</folder>
	<filename>white0094.jpg</filename>
	<path>/media/datta/Sri Datta/perception_22/whiteBackground/white0094.jpg</path>
	<source>
		<database>Unknown</database>
	</source>
	<size>
		<width>640</width>
		<height>480</height>
		<depth>3</depth>
	</size>
	<segmented>0</segmented>
	<object>
		<name>follow_right</name>
		<pose>Unspecified</pose>
		<truncated>0</truncated>
		<difficult>0</difficult>
		<bndbox>
			<xmin>472</xmin>
			<ymin>286</ymin>
			<xmax>536</xmax>
			<ymax>345</ymax>
		</bndbox>
	</object>
	<object>
		<name>junction</name>
		<pose>Unspecified</pose>
		<truncated>0</truncated>
		<difficult>0</difficult>
		<bndbox>
			<xmin>381</xmin>
			<ymin>289</ymin>
			<xmax>439</xmax>
			<ymax>337</ymax>
		</bndbox>
	</object>
</annotation>
