<annotation>
	<folder>whiteBackground</folder>
	<filename>white0371.jpg</filename>
	<path>/media/datta/Sri Datta/perception_22/whiteBackground/white0371.jpg</path>
	<source>
		<database>Unknown</database>
	</source>
	<size>
		<width>640</width>
		<height>480</height>
		<depth>3</depth>
	</size>
	<segmented>0</segmented>
	<object>
		<name>airport</name>
		<pose>Unspecified</pose>
		<truncated>0</truncated>
		<difficult>0</difficult>
		<bndbox>
			<xmin>380</xmin>
			<ymin>234</ymin>
			<xmax>448</xmax>
			<ymax>285</ymax>
		</bndbox>
	</object>
	<object>
		<name>follow_right</name>
		<pose>Unspecified</pose>
		<truncated>0</truncated>
		<difficult>0</difficult>
		<bndbox>
			<xmin>322</xmin>
			<ymin>239</ymin>
			<xmax>352</xmax>
			<ymax>285</ymax>
		</bndbox>
	</object>
</annotation>
